SSR	Gene	diff	lwr	upr	p.adj	interactions	
"(A)8" "ymcE" 0.72 0.582502903684804 0.857497096315196 4.63788896176709e-10 "ecol_o157-ecol_k12"
"(T)8" "ydcR" 0.536744186046512 0.378824628888586 0.694663743204438 1.80266190863421e-09 "ecol_o157-ecol_k12"
"(T)8" "paa" 0.54 0.387375568729116 0.692624431270884 8.37083957705431e-10 "ecol_o157-ecol_k12"
"(A)8" "paa" 0.4 0.249978368642615 0.550021631357385 8.16584313168001e-07 "ecol_o157-ecol_k12"
"(T)8" "bepA" 0.760000000000001 0.629214173913609 0.890785826086392 4.63779126214092e-10 "ecol_o157-ecol_k12"
"(G)8" "xylB" 0.690232558139535 0.540770189237122 0.839694927041948 4.63806659745103e-10 "ecol_o157-ecol_k12"
"(T)8" "fadH" 0.696744186046511 0.552739411509006 0.840748960584016 4.63792226845783e-10 "ecol_o157-ecol_k12"
"(CCAA)3" "intA" -0.232558139534883 -0.352531825755064 -0.112584453314703 0.000218995635398178 "ecol_o157-ecol_k12"
"(AGA)4" "ahpC" 0.713488372093023 0.569677576124173 0.857299168061873 4.63791338667363e-10 "ecol_o157-ecol_k12"
"(T)8" "uup" 0.760000000000001 0.629214173913609 0.890785826086392 4.63779126214092e-10 "ecol_o157-ecol_k12"
"(T)8" "ybjL" 0.736744186046512 0.599132936871209 0.874355435221814 4.63786897775265e-10 "ecol_o157-ecol_k12"
"(CAGC)3" "murA" -0.358139534883721 -0.544938310982874 -0.171340758784568 0.000253661839550223 "ecol_o157-ecol_k12"
"(GCTG)3" "murA" 0.690232558139535 0.540770189237122 0.839694927041948 4.63806659745103e-10 "ecol_o157-ecol_k12"
"(T)8" "rfaS" -0.325581395348837 -0.458655039421252 -0.192507751276422 4.8757957106238e-06 "ecol_o157-ecol_k12"
"(T)8" "mgtT" 0.516744186046512 0.358231913287434 0.67525645880559 5.17732912097557e-09 "ecol_o157-ecol_k12"
"(A)8" "mgtT" 0.416744186046512 0.258824628888586 0.574663743204438 1.02388033051959e-06 "ecol_o157-ecol_k12"
"(GGC)4" "livM" 0.760000000000001 0.629214173913609 0.890785826086392 4.63779126214092e-10 "ecol_o157-ecol_k12"
"(ACG)4" "yfaZ" 0.760000000000001 0.629214173913609 0.890785826086392 4.63779126214092e-10 "ecol_o157-ecol_k12"
"(ATC)4" "fadD" -0.451627906976745 -0.611127702149082 -0.292128111804407 2.03404991738765e-07 "ecol_o157-ecol_k12"
"(GTAA)3" "folM" 0.673488372093024 0.523548169921609 0.823428574264438 4.6383896723512e-10 "ecol_o157-ecol_k12"
"(CAGT)3" "holA" 0.760000000000001 0.629214173913609 0.890785826086392 4.63779126214092e-10 "ecol_o157-ecol_k12"
"(CAGAGT)3" "tssH" 0.28 0.142502903684804 0.417497096315196 0.00010948015821699 "ecol_o157-ecol_k12"
"(CAGAGT)4" "tssH" 0.3 0.159667613713941 0.44033238628606 5.23080483151306e-05 "ecol_o157-ecol_k12"
"(A)8" "yhjY" 0.713488372093023 0.569677576124173 0.857299168061873 4.63791338667363e-10 "ecol_o157-ecol_k12"
"(T)8" "wbbK" -0.255813953488372 -0.379722243812072 -0.131905663164672 8.93790403609929e-05 "ecol_o157-ecol_k12"
"(A)8" "rfbE" 0.760000000000001 0.629214173913609 0.890785826086392 4.63779126214092e-10 "ecol_o157-ecol_k12"
"(CGG)5" "accC" -0.58139534883721 -0.721494430911574 -0.441296266762845 4.64989935444748e-10 "ecol_o157-ecol_k12"
"(CGG)4" "accC" 0.24 0.109214173913609 0.370785826086391 0.000444570574945513 "ecol_o157-ecol_k12"
"(CCG)4" "accC" 0.760000000000001 0.629214173913609 0.890785826086392 4.63779126214092e-10 "ecol_o157-ecol_k12"
"(TGGC)3" "flgF" -0.753953488372093 -0.886248042620956 -0.62165893412323 4.63780902570932e-10 "ecol_o157-ecol_k12"
"(T)8" "cesD2" 0.760000000000001 0.629214173913609 0.890785826086392 4.63779126214092e-10 "ecol_o157-ecol_k12"
"(A)8" "pstC" 0.26 0.125676871996802 0.394323128003198 0.000223274929333717 "ecol_o157-ecol_k12"
"(A)8" "espL4" 1.52 1.25842834782722 1.78157165217278 4.63779126214092e-10 "ecol_o157-ecol_k12"
"(T)8" "nleF" 0.28 0.142502903684804 0.417497096315196 0.00010948015821699 "ecol_o157-ecol_k12"
"(A)8" "nleF" 0.5 0.346884813664369 0.653115186335631 4.94746210666364e-09 "ecol_o157-ecol_k12"
"(T)8" "ycfQ" -0.235813953488372 -0.366929530051232 -0.104698376925512 0.000567690420355982 "ecol_o157-ecol_k12"
"(A)8" "speE" 0.736744186046512 0.599132936871209 0.874355435221814 4.63786897775265e-10 "ecol_o157-ecol_k12"
"(T)8" "yjhB" -0.232558139534884 -0.352531825755064 -0.112584453314703 0.0002189956353984 "ecol_o157-ecol_k12"
"(A)8" "cesAB" 0.74 0.605676871996802 0.874323128003198 4.63784122217703e-10 "ecol_o157-ecol_k12"
"(T)8" "pyrL" 0.736744186046512 0.599132936871209 0.874355435221814 4.63786897775265e-10 "ecol_o157-ecol_k12"
"(CAC)4" "eutA" 0.666976744186046 0.512350679301217 0.821602809070875 4.64044469516978e-10 "ecol_o157-ecol_k12"
"(GGT)4" "eutA" -0.550697674418604 -0.725202127679241 -0.376193221157967 1.24442557369875e-08 "ecol_o157-ecol_k12"
"(A)8" "recT" 0.24 0.109214173913609 0.370785826086391 0.000444570574945513 "ecol_o157-ecol_k12"
"(A)8" "rhlB" 0.646976744186046 0.489347462790643 0.804606025581449 4.6563830569113e-10 "ecol_o157-ecol_k12"
"(A)8" "arfB" -0.41860465116279 -0.558703733237155 -0.278505569088426 5.30866481884829e-08 "ecol_o157-ecol_k12"
"(GAC)4" "bcsB" -0.471627906976744 -0.62574538787811 -0.317510426075379 2.83953723867469e-08 "ecol_o157-ecol_k12"
"(CTGG)3" "rnfD" -0.27906976744186 -0.406449549902602 -0.151689984981119 3.52410346906584e-05 "ecol_o157-ecol_k12"
"(GAA)4" "stpA" 0.690232558139535 0.540770189237122 0.839694927041948 4.63806659745103e-10 "ecol_o157-ecol_k12"
"(CTGG)3" "narX" 0.590232558139535 0.428128778275927 0.752336338003142 6.07707328903473e-10 "ecol_o157-ecol_k12"
"(A)8" "lyxK" -0.465116279069767 -0.606763464295882 -0.323469093843652 4.27204993602714e-09 "ecol_o157-ecol_k12"
"(T)8" "elfC" 0.736744186046512 0.599132936871209 0.874355435221814 4.63786897775265e-10 "ecol_o157-ecol_k12"
"(T)8" "gmhB" 0.736744186046512 0.599132936871209 0.874355435221814 4.63786897775265e-10 "ecol_o157-ecol_k12"
"(CAC)4" "ydiK" -0.451627906976745 -0.611127702149082 -0.292128111804407 2.03404991738765e-07 "ecol_o157-ecol_k12"
"(GCTG)3" "glyS" 0.62046511627907 0.456794847082679 0.784135385475461 4.99341346049675e-10 "ecol_o157-ecol_k12"
"(CCAG)3" "glyS" -0.504186046511628 -0.684347631529195 -0.324024461494061 2.6923136131618e-07 "ecol_o157-ecol_k12"
"(TTC)4" "nuoM" 0.736744186046512 0.599132936871209 0.874355435221814 4.63786897775265e-10 "ecol_o157-ecol_k12"
"(ACC)4" "rhlE" 0.760000000000001 0.629214173913609 0.890785826086392 4.63779126214092e-10 "ecol_o157-ecol_k12"
"(A)8" "atpB" 0.3 0.159667613713941 0.44033238628606 5.23080483151306e-05 "ecol_o157-ecol_k12"
"(TGC)4" "aroA" 0.690232558139535 0.540770189237122 0.839694927041948 4.63806659745103e-10 "ecol_o157-ecol_k12"
"(GCA)4" "aroA" -0.341395348837209 -0.533053077883494 -0.149737619790924 0.000636411765108424 "ecol_o157-ecol_k12"
"(TAAAGA)6" "espX6" 0.26 0.125676871996802 0.394323128003198 0.000223274929333606 "ecol_o157-ecol_k12"
"(CAGG)3" "atoS" -0.558139534883721 -0.699169518109703 -0.41710955165774 4.71204186780483e-10 "ecol_o157-ecol_k12"
"(CTG)4" "cysT" 0.736744186046512 0.599132936871209 0.874355435221814 4.63786897775265e-10 "ecol_o157-ecol_k12"
"(GCCA)3" "cdaR" 0.760000000000001 0.629214173913609 0.890785826086392 4.63779126214092e-10 "ecol_o157-ecol_k12"
"(GACT)3" "yfhH" 0.760000000000001 0.629214173913609 0.890785826086392 4.63779126214092e-10 "ecol_o157-ecol_k12"
"(CAGC)3" "ygiB" 0.716744186046512 0.575766789592148 0.857721582500876 4.63790894578153e-10 "ecol_o157-ecol_k12"
"(CTGG)3" "epmA" 0.736744186046512 0.599132936871209 0.874355435221814 4.63786897775265e-10 "ecol_o157-ecol_k12"
"(A)8" "espY4" 0.78 0.639134028571219 0.920865971428781 4.63783567106191e-10 "ecol_o157-ecol_k12"
"(G)9" "mnmG" 0.3 0.159667613713941 0.44033238628606 5.23080483151306e-05 "ecol_o157-ecol_k12"
"(A)8" "mnmG" 0.6 0.396869750887744 0.803130249112256 7.13017381803738e-08 "ecol_o157-ecol_k12"
"(A)8" "uhpC" 0.48 0.218428347827218 0.741571652172782 0.000444570574945513 "ecol_o157-ecol_k12"
"(CAAC)3" "ynbE" 0.54 0.387375568729116 0.692624431270884 8.37083957705431e-10 "ecol_o157-ecol_k12"
"(GTTG)3" "ynbE" 0.42 0.268857394414221 0.571142605585778 3.18048791969616e-07 "ecol_o157-ecol_k12"
"(CGCC)3" "yedY" -0.232558139534884 -0.352531825755064 -0.112584453314703 0.0002189956353984 "ecol_o157-ecol_k12"
"(T)8" "nleA" 0.34 0.194935986429274 0.485064013570726 1.09541036760197e-05 "ecol_o157-ecol_k12"
"(A)8" "nleA" 0.6 0.449978368642615 0.750021631357385 4.68784233653707e-10 "ecol_o157-ecol_k12"
"(CGCC)3" "ybiB" 0.690232558139535 0.540770189237122 0.839694927041948 4.63806659745103e-10 "ecol_o157-ecol_k12"
"(ACAA)3" "yfbS" 0.24 0.109214173913609 0.370785826086391 0.000444570574945513 "ecol_o157-ecol_k12"
"(TTGT)3" "yfbS" 0.760000000000001 0.629214173913609 0.890785826086392 4.63779126214092e-10 "ecol_o157-ecol_k12"
"(A)8" "gspO" -0.465116279069767 -0.606763464295882 -0.323469093843652 4.27204993602714e-09 "ecol_o157-ecol_k12"
"(A)8" "escR" 0.760000000000001 0.629214173913609 0.890785826086392 4.63779126214092e-10 "ecol_o157-ecol_k12"
"(A)8" "mnmE" 0.24 0.109214173913609 0.370785826086391 0.000444570574945513 "ecol_o157-ecol_k12"
"(A)8" "yebK" -0.25906976744186 -0.393470805332997 -0.124668729550723 0.000236116654825036 "ecol_o157-ecol_k12"
"(T)9" "yghB" 0.693488372093023 0.546453289719264 0.840523454466782 4.63798555117023e-10 "ecol_o157-ecol_k12"
"(CAAC)3" "fhuF" 0.760000000000001 0.629214173913609 0.890785826086392 4.63779126214092e-10 "ecol_o157-ecol_k12"
"(GTTG)3" "fhuF" 0.24 0.109214173913609 0.370785826086391 0.000444570574945513 "ecol_o157-ecol_k12"
"(CTT)4" "msbA" -0.471627906976744 -0.62574538787811 -0.317510426075379 2.83953723867469e-08 "ecol_o157-ecol_k12"
"(GCGCCA)3" "mutL" 0.760000000000001 0.629214173913609 0.890785826086392 4.63779126214092e-10 "ecol_o157-ecol_k12"
"(A)9" "pstS" 0.26 0.125676871996802 0.394323128003198 0.000223274929333717 "ecol_o157-ecol_k12"
"(A)8" "ycgL" -0.25906976744186 -0.393470805332997 -0.124668729550723 0.000236116654825036 "ecol_o157-ecol_k12"
"(CTGG)3" "uvrC" -0.753953488372093 -0.886248042620956 -0.62165893412323 4.63780902570932e-10 "ecol_o157-ecol_k12"
"(C)8" "pgeF" -0.279069767441861 -0.406449549902602 -0.151689984981119 3.52410346906584e-05 "ecol_o157-ecol_k12"
"(CAT)4" "yacH" 0.760000000000001 0.629214173913609 0.890785826086392 4.63779126214092e-10 "ecol_o157-ecol_k12"
"(T)8" "yadG" 0.760000000000001 0.629214173913609 0.890785826086392 4.63779126214092e-10 "ecol_o157-ecol_k12"
"(CTGGCG)3" "sbcC" 0.713488372093023 0.569677576124173 0.857299168061873 4.63791338667363e-10 "ecol_o157-ecol_k12"
"(GGCT)3" "slyX" 0.713488372093023 0.569677576124173 0.857299168061873 4.63791338667363e-10 "ecol_o157-ecol_k12"
"(GCT)4" "amiB" -0.494883720930233 -0.648717928642635 -0.341049513217831 7.39768624136161e-09 "ecol_o157-ecol_k12"
"(CAG)4" "cysU" -0.25906976744186 -0.393470805332997 -0.124668729550723 0.000236116654825036 "ecol_o157-ecol_k12"
"(A)8" "ybiO" 0.713488372093023 0.569677576124173 0.857299168061873 4.63791338667363e-10 "ecol_o157-ecol_k12"
"(CGACTT)3" "rplW" -0.504186046511628 -0.684347631529195 -0.324024461494061 2.6923136131618e-07 "ecol_o157-ecol_k12"
"(GAAGTC)3" "rplW" 0.62046511627907 0.456794847082679 0.784135385475461 4.99341346049675e-10 "ecol_o157-ecol_k12"
"(GCCA)3" "lacI" -0.813953488372094 -1.00028468232088 -0.627622294423306 4.63940774686478e-10 "ecol_o157-ecol_k12"
"(CCG)4" "symE" 0.760000000000001 0.629214173913609 0.890785826086392 4.63779126214092e-10 "ecol_o157-ecol_k12"
"(A)9" "yibA" -0.232558139534884 -0.352531825755064 -0.112584453314703 0.0002189956353984 "ecol_o157-ecol_k12"
"(A)8" "allC" 0.760000000000001 0.629214173913609 0.890785826086392 4.63779126214092e-10 "ecol_o157-ecol_k12"
"(T)8" "hexR" 0.673488372093024 0.523548169921609 0.823428574264438 4.6383896723512e-10 "ecol_o157-ecol_k12"
"(T)8" "csqR" 0.760000000000001 0.629214173913609 0.890785826086392 4.63779126214092e-10 "ecol_o157-ecol_k12"
"(A)8" "maiA" 0.760000000000001 0.629214173913609 0.890785826086392 4.63779126214092e-10 "ecol_o157-ecol_k12"
"(T)8" "argF" -0.534883720930233 -0.676530906156348 -0.393236535704118 5.04618458130324e-10 "ecol_o157-ecol_k12"
"(A)8" "yhcD" -0.418604651162791 -0.649661976540664 -0.187547325784917 0.0005199926549464 "ecol_o157-ecol_k12"
"(A)8" "ydcK" 0.54 0.387375568729116 0.692624431270884 8.37083957705431e-10 "ecol_o157-ecol_k12"
"(GAT)4" "znuA" 0.603720930232558 0.438818762573234 0.768623097891882 5.83287973476843e-10 "ecol_o157-ecol_k12"
"(ATC)4" "znuA" -0.487441860465116 -0.669922371425516 -0.304961349504716 7.83909713475417e-07 "ecol_o157-ecol_k12"
"(A)8" "yjhC" -0.232558139534884 -0.352531825755064 -0.112584453314703 0.0002189956353984 "ecol_o157-ecol_k12"
"(A)8" "ftsY" 0.666976744186046 0.512350679301217 0.821602809070875 4.64044469516978e-10 "ecol_o157-ecol_k12"
"(A)8" "ybdM" 0.716744186046512 0.575766789592148 0.857721582500876 4.63790894578153e-10 "ecol_o157-ecol_k12"
"(T)8" "arpA" -0.511627906976744 -0.759444487624143 -0.263811326329345 8.93790403609929e-05 "ecol_o157-ecol_k12"
"(ATG)4" "espD" 0.760000000000001 0.629214173913609 0.890785826086392 4.63779126214092e-10 "ecol_o157-ecol_k12"
"(TTGG)3" "espD" 0.760000000000001 0.629214173913609 0.890785826086392 4.63779126214092e-10 "ecol_o157-ecol_k12"
"(CTG)4" "lacZ" 0.713488372093023 0.569677576124173 0.857299168061873 4.63791338667363e-10 "ecol_o157-ecol_k12"
"(GTT)4" "bax" -0.255813953488372 -0.379722243812072 -0.131905663164672 8.93790403609929e-05 "ecol_o157-ecol_k12"
"(CAA)4" "bax" 0.713488372093023 0.569677576124173 0.857299168061873 4.63791338667363e-10 "ecol_o157-ecol_k12"
"(AAT)4" "ygcN" 0.736744186046512 0.599132936871209 0.874355435221814 4.63786897775265e-10 "ecol_o157-ecol_k12"
"(CAT)4" "proY" -0.550697674418604 -0.725202127679241 -0.376193221157967 1.24442557369875e-08 "ecol_o157-ecol_k12"
"(ATG)4" "proY" 0.62046511627907 0.456794847082679 0.784135385475461 4.99341346049675e-10 "ecol_o157-ecol_k12"
"(A)8" "yjgN" 0.74 0.605676871996802 0.874323128003198 4.63784122217703e-10 "ecol_o157-ecol_k12"
"(A)8" "eae" 0.760000000000001 0.629214173913609 0.890785826086392 4.63779126214092e-10 "ecol_o157-ecol_k12"
"(CAA)4" "adhE" -0.451627906976745 -0.611127702149082 -0.292128111804407 2.03404991738765e-07 "ecol_o157-ecol_k12"
"(A)8" "ilvB" 0.34 0.194935986429274 0.485064013570726 1.09541036761307e-05 "ecol_o157-ecol_k12"
"(CCA)4" "kdpB" -0.498139534883721 -0.656816821504637 -0.339462248262804 1.43327685275807e-08 "ecol_o157-ecol_k12"
"(TGG)4" "prkB" 0.713488372093023 0.569677576124173 0.857299168061873 4.63791338667363e-10 "ecol_o157-ecol_k12"
"(CGG)4" "mdoH" 0.72 0.582502903684804 0.857497096315196 4.63788896176709e-10 "ecol_o157-ecol_k12"
"(A)8" "yhfZ" -0.232558139534884 -0.352531825755064 -0.112584453314703 0.0002189956353984 "ecol_o157-ecol_k12"
"(T)8" "glpK" -0.573953488372093 -0.745177774816362 -0.402729201927823 2.51341381041215e-09 "ecol_o157-ecol_k12"
"(A)8" "glpK" 0.597209302325581 0.429589274071126 0.764829330580036 7.60767115970395e-10 "ecol_o157-ecol_k12"
"(A)8" "espB" 0.760000000000001 0.629214173913609 0.890785826086392 4.63779126214092e-10 "ecol_o157-ecol_k12"
"(A)8" "ydeM" 0.516744186046512 0.358231913287434 0.67525645880559 5.17732912097557e-09 "ecol_o157-ecol_k12"
"(TGA)4" "cadA" 0.760000000000001 0.629214173913609 0.890785826086392 4.63779126214092e-10 "ecol_o157-ecol_k12"
"(T)8" "rlmI" 0.713488372093023 0.569677576124173 0.857299168061873 4.63791338667363e-10 "ecol_o157-ecol_k12"
"(A)8" "msrB" 0.650232558139535 0.494863581480965 0.805601534798106 4.64649319020793e-10 "ecol_o157-ecol_k12"
"(T)8" "espW" 0.760000000000001 0.629214173913609 0.890785826086392 4.63779126214092e-10 "ecol_o157-ecol_k12"
"(A)8" "yehI" -0.27906976744186 -0.406449549902602 -0.151689984981119 3.52410346907694e-05 "ecol_o157-ecol_k12"
"(GCCA)4" "hisC" 0.713488372093023 0.569677576124173 0.857299168061873 4.63791338667363e-10 "ecol_o157-ecol_k12"
"(T)8" "cesL" 0.760000000000001 0.629214173913609 0.890785826086392 4.63779126214092e-10 "ecol_o157-ecol_k12"
"(A)8" "yfjI" -0.232558139534883 -0.352531825755064 -0.112584453314703 0.000218995635398178 "ecol_o157-ecol_k12"
"(GCG)4" "ggt" -0.704186046511628 -0.841860673044491 -0.566511419978765 4.63789784355129e-10 "ecol_o157-ecol_k12"
"(CGG)4" "nrdI" -0.573953488372093 -0.745177774816362 -0.402729201927823 2.51341381041215e-09 "ecol_o157-ecol_k12"
"(CCG)4" "nrdI" 0.62046511627907 0.456794847082679 0.784135385475461 4.99341346049675e-10 "ecol_o157-ecol_k12"
"(G)8" "gsiA" 0.673488372093024 0.523548169921609 0.823428574264438 4.6383896723512e-10 "ecol_o157-ecol_k12"
"(GCG)4" "yfbK" -0.27906976744186 -0.406449549902602 -0.151689984981119 3.52410346907694e-05 "ecol_o157-ecol_k12"
"(T)8" "yfcU" -0.332093023255814 -0.481905175854251 -0.182280870657377 2.90084465633944e-05 "ecol_o157-ecol_k12"
"(GGCG)3" "ydiY" 0.696744186046511 0.552739411509006 0.840748960584016 4.63792226845783e-10 "ecol_o157-ecol_k12"
"(A)8" "escP" 0.760000000000001 0.629214173913609 0.890785826086392 4.63779126214092e-10 "ecol_o157-ecol_k12"
"(GCG)4" "nepI" 0.760000000000001 0.629214173913609 0.890785826086392 4.63779126214092e-10 "ecol_o157-ecol_k12"
"(T)8" "mcrB" -0.465116279069767 -0.619437394696685 -0.310795163442849 4.23792325676686e-08 "ecol_o157-ecol_k12"
"(GGT)4" "yggP" 0.736744186046512 0.599132936871209 0.874355435221814 4.63786897775265e-10 "ecol_o157-ecol_k12"
"(CTA)4" "leuL" 0.676744186046512 0.530029830118991 0.823458541974032 4.63805771566683e-10 "ecol_o157-ecol_k12"
"(T)8" "emrY" 0.716744186046512 0.575766789592148 0.857721582500876 4.63790894578153e-10 "ecol_o157-ecol_k12"
"(A)8" "emrY" -0.334883720930232 -0.522148911678279 -0.147618530182186 0.000607576531964527 "ecol_o157-ecol_k12"
"(A)8" "espL" 1.52 1.25842834782722 1.78157165217278 4.63779126214092e-10 "ecol_o157-ecol_k12"
"(A)8" "mlaD" 0.713488372093023 0.569677576124173 0.857299168061873 4.63791338667363e-10 "ecol_o157-ecol_k12"
"(T)8" "ygeH" 0.62 0.471359928370284 0.768640071629716 4.64771110486595e-10 "ecol_o157-ecol_k12"
"(T)8" "ydbD" 0.4 0.249978368642615 0.550021631357385 8.16584313168001e-07 "ecol_o157-ecol_k12"
"(A)8" "ydbD" 0.54 0.387375568729116 0.692624431270884 8.37083957705431e-10 "ecol_o157-ecol_k12"
"(T)8" "nleL" 0.3 0.159667613713941 0.44033238628606 5.23080483151306e-05 "ecol_o157-ecol_k12"
"(A)8" "nleL" 0.64 0.493009421117794 0.786990578882206 4.63962757102365e-10 "ecol_o157-ecol_k12"
"(T)8" "ypfG" 0.760000000000001 0.629214173913609 0.890785826086392 4.63779126214092e-10 "ecol_o157-ecol_k12"
"(A)8" "glmU" 0.3 0.15966761371394 0.440332386286059 5.23080483149085e-05 "ecol_o157-ecol_k12"
"(A)8" "fliJ" -0.790697674418604 -0.906226337107541 -0.675169011729667 4.63773131009759e-10 "ecol_o157-ecol_k12"
"(T)8" "bglB" -0.488372093023256 -0.630326872933485 -0.346417313113026 1.38026445828388e-09 "ecol_o157-ecol_k12"
"(A)8" "ecpA" 0.760000000000001 0.629214173913609 0.890785826086392 4.63779126214092e-10 "ecol_o157-ecol_k12"
"(GTCG)3" "bglJ" 0.736744186046512 0.599132936871209 0.874355435221814 4.63786897775265e-10 "ecol_o157-ecol_k12"
"(A)9" "creC" -0.534883720930233 -0.676530906156348 -0.393236535704118 5.04618458130324e-10 "ecol_o157-ecol_k12"
"(CGCC)3" "msrP" -0.27906976744186 -0.406449549902602 -0.151689984981119 3.52410346907694e-05 "ecol_o157-ecol_k12"
"(GC)6" "mhpR" 0.441860465116279 0.300830481890297 0.58289044834226 1.51218714217194e-08 "ecol_o157-ecol_k12"
"(GGGC)3" "ccmF" 0.760000000000001 0.629214173913609 0.890785826086392 4.63779126214092e-10 "ecol_o157-ecol_k12"
"(G)9" "atpG" 0.3 0.15966761371394 0.440332386286059 5.23080483149085e-05 "ecol_o157-ecol_k12"
"(GAT)4" "atpG" 0.690232558139535 0.540770189237122 0.839694927041948 4.63806659745103e-10 "ecol_o157-ecol_k12"
"(CGG)4" "csgA" -0.750697674418604 -0.880881814323261 -0.620513534513948 4.63780014392512e-10 "ecol_o157-ecol_k12"
"(GGCA)3" "lysR" 0.736744186046512 0.599132936871209 0.874355435221814 4.63786897775265e-10 "ecol_o157-ecol_k12"
"(T)8" "yoaC" 0.696744186046511 0.552739411509006 0.840748960584016 4.63792226845783e-10 "ecol_o157-ecol_k12"
"(CTGG)3" "lepB" 0.736744186046512 0.599132936871209 0.874355435221814 4.63786897775265e-10 "ecol_o157-ecol_k12"
"(A)8" "ipbA" 0.74 0.605676871996802 0.874323128003198 4.63784122217703e-10 "ecol_o157-ecol_k12"
"(A)8" "elaD" -0.989767441860466 -1.28499225544885 -0.694542628272077 2.50352705233325e-09 "ecol_o157-ecol_k12"
"(A)8" "rfaQ" 0.760000000000001 0.629214173913609 0.890785826086392 4.63779126214092e-10 "ecol_o157-ecol_k12"
"(A)8" "comR" 0.673488372093024 0.523548169921609 0.823428574264438 4.6383896723512e-10 "ecol_o157-ecol_k12"
"(GCA)4" "asnA" 0.690232558139535 0.540770189237122 0.839694927041948 4.63806659745103e-10 "ecol_o157-ecol_k12"
"(AGTG)3" "yahE" 0.760000000000001 0.629214173913609 0.890785826086392 4.63779126214092e-10 "ecol_o157-ecol_k12"
"(CCG)4" "yhaJ" -0.471627906976744 -0.62574538787811 -0.317510426075379 2.83953723867469e-08 "ecol_o157-ecol_k12"
"(GGC)4" "ftsI" -0.474883720930232 -0.634109818675348 -0.315657623185116 5.56575902033174e-08 "ecol_o157-ecol_k12"
"(T)8" "yfjH" -0.465116279069767 -0.705063651510128 -0.225168906629406 0.0002189956353984 "ecol_o157-ecol_k12"
"(TCAA)3" "dinJ" 0.736744186046512 0.599132936871209 0.874355435221814 4.63786897775265e-10 "ecol_o157-ecol_k12"
"(TTGA)3" "dinJ" -0.341395348837209 -0.533053077883494 -0.149737619790924 0.000636411765108424 "ecol_o157-ecol_k12"
"(TGA)4" "allD" 0.713488372093023 0.569677576124173 0.857299168061873 4.63791338667363e-10 "ecol_o157-ecol_k12"
"(ACC)4" "envC" 0.666976744186046 0.512350679301217 0.821602809070875 4.64044469516978e-10 "ecol_o157-ecol_k12"
"(CGT)4" "purA" -0.541395348837209 -0.693805293322799 -0.388985404351619 7.91442800185393e-10 "ecol_o157-ecol_k12"
"(ACG)4" "purA" 0.736744186046512 0.599132936871209 0.874355435221814 4.63786897775265e-10 "ecol_o157-ecol_k12"
"(TGC)4" "cpdA" 0.693488372093023 0.546453289719264 0.840523454466782 4.63798555117023e-10 "ecol_o157-ecol_k12"
"(CTG)4" "mreC" 0.713488372093023 0.569677576124173 0.857299168061873 4.63791338667363e-10 "ecol_o157-ecol_k12"
"(T)8" "dgt" 0.690232558139535 0.540770189237122 0.839694927041948 4.63806659745103e-10 "ecol_o157-ecol_k12"
"(A)8" "dgt" -0.550697674418604 -0.725202127679241 -0.376193221157967 1.24442557369875e-08 "ecol_o157-ecol_k12"
"(CGG)5" "ftsZ" -0.364651162790698 -0.555396404607257 -0.173905920974138 0.000263547748046156 "ecol_o157-ecol_k12"
"(CCG)5" "ftsZ" 0.713488372093023 0.569677576124173 0.857299168061873 4.63791338667363e-10 "ecol_o157-ecol_k12"
"(A)8" "ydeI" 0.493488372093024 0.329565128613475 0.657411615572572 4.36703662121118e-08 "ecol_o157-ecol_k12"
"(GCGG)3" "tagH" 0.760000000000001 0.629214173913609 0.890785826086392 4.63779126214092e-10 "ecol_o157-ecol_k12"
"(CTG)4" "mukF" 0.690232558139535 0.540770189237122 0.839694927041948 4.63806659745103e-10 "ecol_o157-ecol_k12"
"(GCTG)3" "rbsB" 0.690232558139535 0.540770189237122 0.839694927041948 4.63806659745103e-10 "ecol_o157-ecol_k12"
"(TGG)4" "actP" 0.666976744186046 0.512350679301217 0.821602809070875 4.64044469516978e-10 "ecol_o157-ecol_k12"
"(CCA)4" "actP" -0.573953488372093 -0.745177774816362 -0.402729201927823 2.51341381041215e-09 "ecol_o157-ecol_k12"
"(T)8" "waaL" -0.41860465116279 -0.558703733237155 -0.278505569088426 5.30866481884829e-08 "ecol_o157-ecol_k12"
"(CAG)4" "rplL" 0.643720930232559 0.484371610470178 0.803070249994939 4.67202165843617e-10 "ecol_o157-ecol_k12"
"(GCT)4" "rplL" -0.527441860465116 -0.704920359699131 -0.349963361231102 6.09895959291507e-08 "ecol_o157-ecol_k12"
"(GCG)4" "coaBC" 0.736744186046512 0.599132936871209 0.874355435221814 4.63786897775265e-10 "ecol_o157-ecol_k12"
"(ACG)4" "wecB" -0.41860465116279 -0.558703733237155 -0.278505569088426 5.30866481884829e-08 "ecol_o157-ecol_k12"
"(A)9" "wbbJ" -0.255813953488372 -0.379722243812072 -0.131905663164672 8.93790403609929e-05 "ecol_o157-ecol_k12"
"(A)8" "atpD" 0.4 0.249978368642615 0.550021631357385 8.16584313168001e-07 "ecol_o157-ecol_k12"
"(GCCA)3" "rsxD" 0.673488372093024 0.523548169921609 0.823428574264438 4.6383896723512e-10 "ecol_o157-ecol_k12"
"(A)8" "yeeJ" -0.511627906976744 -0.653582686886973 -0.369673127066514 6.66482313782524e-10 "ecol_o157-ecol_k12"
"(TGGC)3" "ydbH" -0.255813953488372 -0.379722243812072 -0.131905663164672 8.93790403609929e-05 "ecol_o157-ecol_k12"
"(T)8" "mdlA" 0.716744186046512 0.575766789592148 0.857721582500876 4.63790894578153e-10 "ecol_o157-ecol_k12"
"(T)8" "panB" -0.66046511627907 -0.81758720669649 -0.503343025861649 4.64510985231925e-10 "ecol_o157-ecol_k12"
"(A)8" "panB" 0.643720930232559 0.484371610470178 0.803070249994939 4.67202165843617e-10 "ecol_o157-ecol_k12"
"(GCGA)3" "wcaJ" 0.656744186046512 0.507620721266687 0.805867650826337 4.63898142122332e-10 "ecol_o157-ecol_k12"
"(T)8" "trkG" -0.465116279069768 -0.606763464295883 -0.323469093843653 4.27204993602714e-09 "ecol_o157-ecol_k12"
"(GCCA)3" "yieL" -0.255813953488372 -0.379722243812072 -0.131905663164672 8.93790403609929e-05 "ecol_o157-ecol_k12"
"(A)8" "appY" -1.02325581395349 -1.33246280731047 -0.714048820596501 3.48389306292773e-09 "ecol_o157-ecol_k12"
"(AAG)4" "corA" 0.690232558139535 0.540770189237122 0.839694927041948 4.63806659745103e-10 "ecol_o157-ecol_k12"
"(GCCA)3" "rcdB" 0.760000000000001 0.629214173913609 0.890785826086392 4.63779126214092e-10 "ecol_o157-ecol_k12"
"(TGC)4" "qseE" 0.760000000000001 0.629214173913609 0.890785826086392 4.63779126214092e-10 "ecol_o157-ecol_k12"
"(GTT)4" "evgS" 0.736744186046512 0.599132936871209 0.874355435221814 4.63786897775265e-10 "ecol_o157-ecol_k12"
"(T)8" "evgS" 0.736744186046512 0.599132936871209 0.874355435221814 4.63786897775265e-10 "ecol_o157-ecol_k12"
"(T)8" "waaZ" -0.441860465116279 -0.582890448342261 -0.300830481890298 1.51218714217194e-08 "ecol_o157-ecol_k12"
"(A)8" "gadW" 0.690232558139535 0.540770189237122 0.839694927041948 4.63806659745103e-10 "ecol_o157-ecol_k12"
"(TGC)4" "ureC" 0.64 0.493009421117794 0.786990578882206 4.63962757102365e-10 "ecol_o157-ecol_k12"
"(GCA)4" "ureC" 0.36 0.189388178686715 0.530611821313285 6.41531476983648e-05 "ecol_o157-ecol_k12"
"(T)8" "lhr" 0.696744186046511 0.552739411509006 0.840748960584016 4.63792226845783e-10 "ecol_o157-ecol_k12"
"(TGGC)3" "dsdA" -0.341395348837209 -0.533053077883494 -0.149737619790924 0.000636411765108424 "ecol_o157-ecol_k12"
"(GCCA)3" "dsdA" 0.736744186046512 0.599132936871209 0.874355435221814 4.63786897775265e-10 "ecol_o157-ecol_k12"
"(ATG)4" "gyrB" -0.527441860465116 -0.704920359699131 -0.349963361231102 6.09895959291507e-08 "ecol_o157-ecol_k12"
"(CAT)4" "gyrB" 0.62046511627907 0.456794847082679 0.784135385475461 4.99341346049675e-10 "ecol_o157-ecol_k12"
"(T)8" "aphA" 0.760000000000001 0.629214173913609 0.890785826086392 4.63779126214092e-10 "ecol_o157-ecol_k12"
"(TCGTGG)6" "rcnA" 0.44 0.287991240586379 0.592008759413621 1.18668148307854e-07 "ecol_o157-ecol_k12"
"(G)8" "ypjA" 0.4 0.249978368642615 0.550021631357385 8.16584313168001e-07 "ecol_o157-ecol_k12"
"(T)8" "wzy" 1.56 1.31379382745955 1.80620617254045 4.63773797143574e-10 "ecol_o157-ecol_k12"
"(A)8" "wzy" 0.54 0.25136264386874 0.828637356131261 0.000348835886362253 "ecol_o157-ecol_k12"
"(CAC)4" "yjhF" -0.27906976744186 -0.406449549902602 -0.151689984981119 3.52410346907694e-05 "ecol_o157-ecol_k12"
"(TGA)4" "appB" 0.26 0.112372819703082 0.407627180296918 0.000726355153519043 "ecol_o157-ecol_k12"
"(TCA)4" "appB" 0.72 0.582502903684804 0.857497096315196 4.63788896176709e-10 "ecol_o157-ecol_k12"
"(T)8" "rfaL" 0.690232558139535 0.540770189237122 0.839694927041948 4.63806659745103e-10 "ecol_o157-ecol_k12"
"(GGC)4" "acrE" 0.713488372093023 0.569677576124173 0.857299168061873 4.63791338667363e-10 "ecol_o157-ecol_k12"
"(CTGG)3" "glyA" 0.74 0.605676871996802 0.874323128003198 4.63784122217703e-10 "ecol_o157-ecol_k12"
"(GTTT)3" "lptA" 0.690232558139535 0.540770189237122 0.839694927041948 4.63806659745103e-10 "ecol_o157-ecol_k12"
"(TTCC)3" "ligB" -0.524186046511628 -0.701514568390261 -0.346857524632994 6.9932763469005e-08 "ecol_o157-ecol_k12"
"(GGAA)3" "ligB" 0.62046511627907 0.456794847082679 0.784135385475461 4.99341346049675e-10 "ecol_o157-ecol_k12"
"(GCCA)3" "nanK" 0.736744186046512 0.599132936871209 0.874355435221814 4.63786897775265e-10 "ecol_o157-ecol_k12"
"(GTTT)3" "lptC" 0.713488372093023 0.569677576124173 0.857299168061873 4.63791338667363e-10 "ecol_o157-ecol_k12"
"(GCCA)3" "sodC" 0.673488372093024 0.523548169921609 0.823428574264438 4.6383896723512e-10 "ecol_o157-ecol_k12"
"(A)8" "talA" -0.235813953488372 -0.366929530051233 -0.104698376925512 0.000567690420355982 "ecol_o157-ecol_k12"
"(A)8" "emrB" -0.325581395348837 -0.458655039421252 -0.192507751276422 4.8757957106238e-06 "ecol_o157-ecol_k12"
"(C)9" "hflC" 0.760000000000001 0.629214173913609 0.890785826086392 4.63779126214092e-10 "ecol_o157-ecol_k12"
"(A)8" "srlE" -0.837209302325581 -0.94204985539034 -0.732368749260822 4.63772908965154e-10 "ecol_o157-ecol_k12"
"(GCCAGT)3" "lldP" 0.760000000000001 0.629214173913609 0.890785826086392 4.63779126214092e-10 "ecol_o157-ecol_k12"
"(TGCG)3" "alaS" 0.713488372093023 0.569677576124173 0.857299168061873 4.63791338667363e-10 "ecol_o157-ecol_k12"
"(CAGC)3" "rsmD" 0.62046511627907 0.456794847082679 0.784135385475461 4.99341346049675e-10 "ecol_o157-ecol_k12"
"(GGCT)3" "rsmD" -0.504186046511628 -0.684347631529195 -0.324024461494061 2.6923136131618e-07 "ecol_o157-ecol_k12"
"(T)8" "pgrR" 0.556744186046511 0.399658187887078 0.713830184205945 8.166500808926e-10 "ecol_o157-ecol_k12"
"(T)8" "exuT" -0.232558139534884 -0.352531825755064 -0.112584453314703 0.0002189956353984 "ecol_o157-ecol_k12"
"(T)8" "gnsB" -0.255813953488372 -0.379722243812072 -0.131905663164672 8.93790403609929e-05 "ecol_o157-ecol_k12"
"(GCCA)3" "ybaN" 0.736744186046512 0.599132936871209 0.874355435221814 4.63786897775265e-10 "ecol_o157-ecol_k12"
"(CCG)4" "ilvA" 0.690232558139535 0.540770189237122 0.839694927041948 4.63806659745103e-10 "ecol_o157-ecol_k12"
"(T)8" "glf" -0.558139534883721 -0.699169518109702 -0.417109551657739 4.71204186780483e-10 "ecol_o157-ecol_k12"
"(CGC)4" "nrdE" 0.713488372093023 0.569677576124173 0.857299168061873 4.63791338667363e-10 "ecol_o157-ecol_k12"
"(T)8" "cadC" 0.760000000000001 0.629214173913609 0.890785826086392 4.63779126214092e-10 "ecol_o157-ecol_k12"
"(A)8" "lpxM" 0.673488372093024 0.523548169921609 0.823428574264438 4.6383896723512e-10 "ecol_o157-ecol_k12"
"(AAC)5" "tir" 0.72 0.582502903684804 0.857497096315196 4.63788896176709e-10 "ecol_o157-ecol_k12"
"(A)8" "tir" 0.760000000000001 0.629214173913609 0.890785826086392 4.63779126214092e-10 "ecol_o157-ecol_k12"
"(ACTACA)3" "tir" 0.4 0.249978368642615 0.550021631357385 8.16584313168001e-07 "ecol_o157-ecol_k12"
"(GAC)4" "ygfK" 0.690232558139535 0.540770189237122 0.839694927041948 4.63806659745103e-10 "ecol_o157-ecol_k12"
"(T)8" "escQ" 0.760000000000001 0.629214173913609 0.890785826086392 4.63779126214092e-10 "ecol_o157-ecol_k12"
"(TGG)4" "kdpD" 0.736744186046512 0.599132936871209 0.874355435221814 4.63786897775265e-10 "ecol_o157-ecol_k12"
"(T)8" "kdpD" -0.511627906976744 -0.653582686886973 -0.369673127066514 6.66482313782524e-10 "ecol_o157-ecol_k12"
"(GTG)4" "kdpD" 0.736744186046512 0.599132936871209 0.874355435221814 4.63786897775265e-10 "ecol_o157-ecol_k12"
"(T)8" "tal" 0.736744186046512 0.599132936871209 0.874355435221814 4.63786897775265e-10 "ecol_o157-ecol_k12"
"(GCCA)3" "ppx" 0.713488372093023 0.569677576124173 0.857299168061873 4.63791338667363e-10 "ecol_o157-ecol_k12"
"(T)8" "yqaA" 0.736744186046512 0.599132936871209 0.874355435221814 4.63786897775265e-10 "ecol_o157-ecol_k12"
"(CTG)4" "metQ" 0.666976744186046 0.512350679301217 0.821602809070875 4.64044469516978e-10 "ecol_o157-ecol_k12"
"(GCA)4" "metQ" -0.597209302325581 -0.764829330580036 -0.429589274071126 7.60767115970395e-10 "ecol_o157-ecol_k12"
"(CAAT)3" "mnmC" 0.760000000000001 0.629214173913609 0.890785826086392 4.63779126214092e-10 "ecol_o157-ecol_k12"
"(T)8" "yfjW" -0.232558139534883 -0.352531825755064 -0.112584453314703 0.0002189956353984 "ecol_o157-ecol_k12"
"(ATTC)3" "yfjW" -0.232558139534883 -0.352531825755064 -0.112584453314703 0.0002189956353984 "ecol_o157-ecol_k12"
"(ATC)4" "ydhK" 0.616744186046512 0.463648941591913 0.769839430501111 4.67582750296458e-10 "ecol_o157-ecol_k12"
"(TTCCTC)3" "yidE" 0.24 0.109214173913609 0.370785826086391 0.000444570574945513 "ecol_o157-ecol_k12"
