		AOV	AOV	AOV	AOV	AOV	SHAPIRO-WILK	SHAPIRO-WILK	KRUSKAL-WALLIS	KRUSKAL-WALLIS	
SSR	Gene	Pr(>F)	F_value	Mean_Sq	Sum_Sq	Df	W	P-value	chi_squared	p_value	
"(A)8" "ymcE" 3.70917421111554e-17 108.193548387097 11.9845161290323 11.9845161290323 1 0.617601295502292 3.32822108177559e-14 1 1.56072814558136e-12
"(T)8" "ydcR" 1.33886963412181e-09 45.5812559898055 6.66024506126532 6.66024506126532 1 0.582739914501424 7.51668518123267e-15 1 3.00675670088052e-08
"(T)8" "paa" 3.73293977511112e-10 49.3927068723703 6.74129032258065 6.74129032258065 1 0.569061574183605 4.29639151414497e-15 1 1.27617776740892e-08
"(A)8" "paa" 8.16120661629007e-07 28.0501792114695 3.6989247311828 3.6989247311828 1 0.505711986191945 3.76626287277623e-16 1 3.22684948812776e-06
"(T)8" "bepA" 1.62261557788555e-19 133.23835125448 13.3531182795699 13.3531182795699 1 0.624146244809072 4.44829028296806e-14 1 1.42949060401821e-13
"(G)8" "xylB" 1.3702197026205e-14 84.149314898234 11.0140335083771 11.0140335083771 1 0.631304190944842 6.13448680653182e-14 1 2.96362623772304e-11
"(T)8" "fadH" 1.66311376579562e-15 92.3668959053661 11.2228257064266 11.2228257064266 1 0.621054249495042 3.87688575251352e-14 1 9.92663609811163e-12
"(CCAA)3" "intA" 0.000218995168667518 14.8256761159987 1.25031257814453 1.25031257814453 1 0.356792263674604 2.72719485709345e-18 1 0.000330560599884632
"(AGA)4" "ahpC" 5.12833710324412e-16 97.1212457661404 11.7687221805451 11.7687221805451 1 0.629267080934441 5.59574555685539e-14 1 5.50941915280276e-12
"(T)8" "uup" 1.62261557788555e-19 133.23835125448 13.3531182795699 13.3531182795699 1 0.624146244809072 4.44829028296806e-14 1 1.42949060401821e-13
"(T)8" "ybjL" 1.21508944601067e-17 113.096453217782 12.5484171042761 12.5484171042761 1 0.626882374072375 5.02717541821931e-14 1 9.33033981008114e-13
"(CAGC)3" "murA" 0.000253661372446872 14.5037365591398 2.96524131032758 2.96524131032758 1 0.609588672602242 2.34456504056412e-14 1 0.000376096348220178
"(GCTG)3" "murA" 1.37021970262048e-14 84.149314898234 11.0140335083771 11.0140335083771 1 0.631304190944842 6.13448680653182e-14 1 2.96362623772304e-11
"(T)8" "rfaS" 4.87533220738448e-06 23.6188357434186 2.45061265316329 2.45061265316329 1 0.427103068797543 2.47951218729366e-17 1 1.336345126506e-05
"(T)8" "mgtT" 4.71353384844863e-09 41.9323147715722 6.17314828707178 6.17314828707178 1 0.576122939751626 5.72537412877274e-15 1 7.16134241520032e-08
"(A)8" "mgtT" 1.0234167003633e-06 27.4783524480533 4.01508377094274 4.01508377094274 1 0.536049302847541 1.17227007982095e-15 1 3.8516340011165e-06
"(GGC)4" "livM" 1.62261557788555e-19 133.23835125448 13.3531182795699 13.3531182795699 1 0.624146244809072 4.44829028296806e-14 1 1.42949060401821e-13
"(ACG)4" "yfaZ" 1.62261557788555e-19 133.23835125448 13.3531182795699 13.3531182795699 1 0.624146244809072 4.44829028296806e-14 1 1.42949060401821e-13
"(ATC)4" "fadD" 2.02941244183627e-07 31.634771781448 4.7153838459615 4.7153838459615 1 0.553544469855532 2.31309227346589e-15 1 1.10711744253384e-06
"(GTAA)3" "folM" 4.59378859763939e-14 79.6063010786067 10.4861415353839 10.4861415353839 1 0.624146244809072 4.44829028296806e-14 1 5.67932673096754e-11
"(CAGT)3" "holA" 1.62261557788555e-19 133.23835125448 13.3531182795699 13.3531182795699 1 0.624146244809072 4.44829028296806e-14 1 1.42949060401821e-13
"(CAGAGT)3" "tssH" 0.000109479692920718 16.3626045400239 1.81247311827957 1.81247311827957 1 0.427103068797543 2.47951218729366e-17 1 0.000180754763841787
"(CAGAGT)4" "tssH" 5.23075839993893e-05 18.0322580645161 2.08064516129032 2.08064516129032 1 0.442155443469104 4.08216564170092e-17 1 9.59188033800114e-05
"(A)8" "yhjY" 5.12833710324412e-16 97.1212457661404 11.7687221805451 11.7687221805451 1 0.629267080934441 5.59574555685539e-14 1 5.50941915280276e-12
"(T)8" "wbbK" 8.9378575386437e-05 16.817876344086 1.51287821955489 1.51287821955489 1 0.376079037155895 4.90397961832881e-18 1 0.000151736261056474
"(A)8" "rfbE" 1.62261557788555e-19 133.23835125448 13.3531182795699 13.3531182795699 1 0.624146244809072 4.44829028296806e-14 1 1.42949060401821e-13
"(CGG)5" "accC" 1.19843599795148e-12 67.9510155316608 7.81445361340336 7.81445361340336 1 0.553544469855532 2.31309227346589e-15 1 3.57957681780421e-10
"(CGG)4" "accC" 0.000444570106214275 13.2869269949066 1.33161290322581 1.33161290322581 1 0.394153133736044 8.60539384138216e-18 1 0.000617827503966983
"(CCG)4" "accC" 1.62261557788555e-19 133.23835125448 13.3531182795699 13.3531182795699 1 0.624146244809072 4.44829028296806e-14 1 1.42949060401821e-13
"(TGGC)3" "flgF" 4.64365197349706e-19 128.152947784372 13.1414903725931 13.1414903725931 1 0.624146244809072 4.44829028296806e-14 1 2.22157044556998e-13
"(T)8" "cesD2" 1.62261557788555e-19 133.23835125448 13.3531182795699 13.3531182795699 1 0.624146244809072 4.44829028296806e-14 1 1.42949060401821e-13
"(A)8" "pstC" 0.000223274462555283 14.7832025573961 1.56279569892473 1.56279569892473 1 0.41112924765755 1.47626867983983e-17 1 0.000336219171056532
"(A)8" "espL4" 1.62261557788555e-19 133.23835125448 53.4124731182796 53.4124731182796 1 0.624146244809072 4.44829028296806e-14 1 1.42949060401821e-13
"(T)8" "nleF" 0.000109479692920718 16.3626045400239 1.81247311827957 1.81247311827957 1 0.427103068797543 2.47951218729366e-17 1 0.000180754763841787
"(A)8" "nleF" 4.48366686982793e-09 42.0752688172043 5.77956989247312 5.77956989247312 1 0.553544469855532 2.31309227346589e-15 1 6.91556641030059e-08
"(T)8" "ycfQ" 0.000567689950830288 12.7630316393225 1.2855663915979 1.2855663915979 1 0.394153133736044 8.60539384138216e-18 1 0.000768355082735913
"(A)8" "speE" 1.21508944601067e-17 113.096453217782 12.5484171042761 12.5484171042761 1 0.626882374072375 5.02717541821931e-14 1 9.33033981008114e-13
"(T)8" "yjhB" 0.000218995168667511 14.8256761159987 1.25031257814454 1.25031257814454 1 0.356792263674604 2.72719485709345e-18 1 0.000330560599884632
"(A)8" "cesAB" 2.78737843692571e-18 119.752688172043 12.6595698924731 12.6595698924731 1 0.621054249495042 3.87688575251352e-14 1 4.8230234388188e-13
"(T)8" "pyrL" 1.21508944601067e-17 113.096453217782 12.5484171042761 12.5484171042761 1 0.626882374072375 5.02717541821931e-14 1 9.33033981008114e-13
"(CAC)4" "eutA" 2.52262390572039e-13 73.4140867747585 10.2843510877719 10.2843510877719 1 0.632996937581587 6.62322977718683e-14 1 1.46139741999969e-10
"(GGT)4" "eutA" 1.19804590914649e-08 39.2949627346105 7.01103275818954 7.01103275818954 1 0.636369334922849 7.7218693623264e-14 1 1.38349004106697e-07
"(A)8" "recT" 0.000444570106214275 13.2869269949066 1.33161290322581 1.33161290322581 1 0.394153133736044 8.60539384138216e-18 1 0.000617827503966983
"(A)8" "rhlB" 1.84582690406011e-12 66.4701982204816 9.67682420605151 9.67682420605151 1 0.631304190944842 6.13448680653182e-14 1 4.61329607269556e-10
"(A)8" "arfB" 5.26228606493075e-08 35.2258064516129 4.05101275318829 4.05101275318829 1 0.482428357404333 1.63041605943385e-16 1 4.04149025364304e-07
"(GAC)4" "bcsB" 2.79315779844093e-08 36.9503547107579 5.1422655663916 5.1422655663916 1 0.545054007850843 1.65926790634244e-15 1 2.54374143469458e-07
"(CTGG)3" "rnfD" 3.5240570707226e-05 18.9386056191467 1.80045011252813 1.80045011252813 1 0.394153133736044 8.60539384138216e-18 1 6.86242975666e-05
"(GAA)4" "stpA" 1.37021970262048e-14 84.149314898234 11.0140335083771 11.0140335083771 1 0.631304190944842 6.13448680653182e-14 1 2.96362623772304e-11
"(CTGG)3" "narX" 1.43917495195391e-10 52.3098489740451 8.05381845461365 8.05381845461365 1 0.617601295502292 3.32822108177559e-14 1 6.83527630119699e-09
"(A)8" "lyxK" 3.80825529665087e-09 42.5432445067788 5.00125031257814 5.00125031257814 1 0.505711986191945 3.76626287277623e-16 1 6.17180677986145e-08
"(T)8" "elfC" 1.21508944601067e-17 113.096453217782 12.5484171042761 12.5484171042761 1 0.626882374072375 5.02717541821931e-14 1 9.33033981008114e-13
"(T)8" "gmhB" 1.21508944601067e-17 113.096453217782 12.5484171042761 12.5484171042761 1 0.626882374072375 5.02717541821931e-14 1 9.33033981008114e-13
"(CAC)4" "ydiK" 2.02941244183627e-07 31.634771781448 4.7153838459615 4.7153838459615 1 0.553544469855532 2.31309227346589e-15 1 1.10711744253384e-06
"(GCTG)3" "glyS" 3.55518740323465e-11 56.7046365277656 8.90000500125032 8.90000500125032 1 0.635359439815782 7.37423149732478e-14 1 2.79842974728644e-09
"(CCAG)3" "glyS" 2.68767628087026e-07 30.9015797273335 5.87674918729683 5.87674918729683 1 0.635359439815782 7.37423149732478e-14 1 1.3704902920085e-06
"(TTC)4" "nuoM" 1.21508944601067e-17 113.096453217782 12.5484171042761 12.5484171042761 1 0.626882374072375 5.02717541821931e-14 1 9.33033981008114e-13
"(ACC)4" "rhlE" 1.62261557788555e-19 133.23835125448 13.3531182795699 13.3531182795699 1 0.624146244809072 4.44829028296806e-14 1 1.42949060401821e-13
"(A)8" "atpB" 5.23075839993893e-05 18.0322580645161 2.08064516129032 2.08064516129032 1 0.442155443469104 4.08216564170092e-17 1 9.59188033800114e-05
"(TGC)4" "aroA" 1.37021970262048e-14 84.149314898234 11.0140335083771 11.0140335083771 1 0.631304190944842 6.13448680653182e-14 1 2.96362623772304e-11
"(GCA)4" "aroA" 0.000636411295198978 12.5194701591708 2.69445361340334 2.69445361340334 1 0.621054249495042 3.87688575251352e-14 1 0.000851110612341587
"(TAAAGA)6" "espX6" 0.000223274462555283 14.7832025573961 1.56279569892473 1.56279569892473 1 0.41112924765755 1.47626867983983e-17 1 0.000336219171056532
"(CAGG)3" "atoS" 7.41276313609506e-12 61.7996604414261 7.20180045011253 7.20180045011253 1 0.545054007850843 1.65926790634244e-15 1 1.06106419645951e-09
"(CTG)4" "cysT" 1.21508944601067e-17 113.096453217782 12.5484171042761 12.5484171042761 1 0.626882374072375 5.02717541821931e-14 1 9.33033981008114e-13
"(GCCA)3" "cdaR" 1.62261557788555e-19 133.23835125448 13.3531182795699 13.3531182795699 1 0.624146244809072 4.44829028296806e-14 1 1.42949060401821e-13
"(GACT)3" "yfhH" 1.62261557788555e-19 133.23835125448 13.3531182795699 13.3531182795699 1 0.624146244809072 4.44829028296806e-14 1 1.42949060401821e-13
"(CAGC)3" "ygiB" 1.58601478366831e-16 101.98887729438 11.8763740935234 11.8763740935234 1 0.624146244809072 4.44829028296806e-14 1 3.10801644383293e-12
"(CTGG)3" "epmA" 1.21508944601067e-17 113.096453217782 12.5484171042761 12.5484171042761 1 0.626882374072375 5.02717541821931e-14 1 9.33033981008114e-13
"(A)8" "espY4" 2.137375875187e-18 120.976340020733 14.0651612903226 14.0651612903226 1 0.657519056611035 2.070392218261e-13 1 1.74558993789611e-13
"(G)9" "mnmG" 5.23075839993892e-05 18.0322580645161 2.08064516129032 2.08064516129032 1 0.442155443469104 4.08216564170092e-17 1 9.59188033800114e-05
"(A)8" "mnmG" 7.08379556660168e-08 34.425219941349 8.3225806451613 8.3225806451613 1 0.592089865448984 1.11021127240349e-14 1 8.73689113895182e-08
"(A)8" "uhpC" 0.000444570106214277 13.2869269949066 5.32645161290322 5.32645161290322 1 0.394153133736044 8.60539384138216e-18 1 0.000617827503966983
"(CAAC)3" "ynbE" 3.73293977511124e-10 49.3927068723702 6.74129032258064 6.74129032258064 1 0.569061574183605 4.29639151414497e-15 1 1.27617776740892e-08
"(GTTG)3" "ynbE" 3.17585068293248e-07 30.46829810901 4.07806451612903 4.07806451612903 1 0.516404764343738 5.58627243575394e-16 1 1.55668395919536e-06
"(CGCC)3" "yedY" 0.000218995168667511 14.8256761159987 1.25031257814454 1.25031257814454 1 0.356792263674604 2.72719485709345e-18 1 0.000330560599884632
"(T)8" "nleA" 1.09536401384349e-05 21.6751384815901 2.67247311827957 2.67247311827957 1 0.469762485348371 1.04601089181911e-16 1 2.58912996568592e-05
"(A)8" "nleA" 4.99228916909373e-12 63.1129032258065 8.32258064516129 8.32258064516129 1 0.588925989284324 9.72254723729556e-15 1 8.35177618547883e-10
"(CGCC)3" "ybiB" 1.37021970262048e-14 84.149314898234 11.0140335083771 11.0140335083771 1 0.631304190944842 6.13448680653182e-14 1 2.96362623772304e-11
"(ACAA)3" "yfbS" 0.000444570106214275 13.2869269949066 1.33161290322581 1.33161290322581 1 0.394153133736044 8.60539384138216e-18 1 0.000617827503966983
"(TTGT)3" "yfbS" 1.62261557788555e-19 133.23835125448 13.3531182795699 13.3531182795699 1 0.624146244809072 4.44829028296806e-14 1 1.42949060401821e-13
"(A)8" "gspO" 3.80825529665087e-09 42.5432445067788 5.00125031257814 5.00125031257814 1 0.505711986191945 3.76626287277623e-16 1 6.17180677986145e-08
"(A)8" "escR" 1.62261557788555e-19 133.23835125448 13.3531182795699 13.3531182795699 1 0.624146244809072 4.44829028296806e-14 1 1.42949060401821e-13
"(A)8" "mnmE" 0.000444570106214275 13.2869269949066 1.33161290322581 1.33161290322581 1 0.394153133736044 8.60539384138216e-18 1 0.000617827503966983
"(A)8" "yebK" 0.000236116187906413 14.6605968269002 1.55163290822705 1.55163290822705 1 0.41112924765755 1.47626867983983e-17 1 0.000353134521794498
"(T)9" "yghB" 5.34134390706322e-15 87.7727799883636 11.1181845461365 11.1181845461365 1 0.626882374072375 5.02717541821931e-14 1 1.80687829353766e-11
"(CAAC)3" "fhuF" 1.62261557788555e-19 133.23835125448 13.3531182795699 13.3531182795699 1 0.624146244809072 4.44829028296806e-14 1 1.42949060401821e-13
"(GTTG)3" "fhuF" 0.000444570106214275 13.2869269949066 1.33161290322581 1.33161290322581 1 0.394153133736044 8.60539384138216e-18 1 0.000617827503966983
"(CTT)4" "msbA" 2.79315779844093e-08 36.9503547107579 5.1422655663916 5.1422655663916 1 0.545054007850843 1.65926790634244e-15 1 2.54374143469458e-07
"(GCGCCA)3" "mutL" 1.62261557788555e-19 133.23835125448 13.3531182795699 13.3531182795699 1 0.624146244809072 4.44829028296806e-14 1 1.42949060401821e-13
"(A)9" "pstS" 0.000223274462555283 14.7832025573961 1.56279569892473 1.56279569892473 1 0.41112924765755 1.47626867983983e-17 1 0.000336219171056532
"(A)8" "ycgL" 0.000236116187906413 14.6605968269002 1.55163290822705 1.55163290822705 1 0.41112924765755 1.47626867983983e-17 1 0.000353134521794498
"(CTGG)3" "uvrC" 4.64365197349696e-19 128.152947784372 13.1414903725932 13.1414903725932 1 0.624146244809072 4.44829028296806e-14 1 2.22157044556998e-13
"(C)8" "pgeF" 3.5240570707226e-05 18.9386056191467 1.80045011252813 1.80045011252813 1 0.394153133736044 8.60539384138216e-18 1 6.86242975666e-05
"(CAT)4" "yacH" 1.62261557788555e-19 133.23835125448 13.3531182795699 13.3531182795699 1 0.624146244809072 4.44829028296806e-14 1 1.42949060401821e-13
"(T)8" "yadG" 1.62261557788555e-19 133.23835125448 13.3531182795699 13.3531182795699 1 0.624146244809072 4.44829028296806e-14 1 1.42949060401821e-13
"(CTGGCG)3" "sbcC" 5.12833710324412e-16 97.1212457661404 11.7687221805451 11.7687221805451 1 0.629267080934441 5.59574555685539e-14 1 5.50941915280276e-12
"(GGCT)3" "slyX" 5.12833710324412e-16 97.1212457661404 11.7687221805451 11.7687221805451 1 0.629267080934441 5.59574555685539e-14 1 5.50941915280276e-12
"(GCT)4" "amiB" 6.93389021079462e-09 40.8341879040979 5.66189547386847 5.66189547386847 1 0.553544469855532 2.31309227346589e-15 1 9.38929013331977e-08
"(CAG)4" "cysU" 0.000236116187906413 14.6605968269002 1.55163290822705 1.55163290822705 1 0.41112924765755 1.47626867983983e-17 1 0.000353134521794498
"(A)8" "ybiO" 5.12833710324412e-16 97.1212457661404 11.7687221805451 11.7687221805451 1 0.629267080934441 5.59574555685539e-14 1 5.50941915280276e-12
"(CGACTT)3" "rplW" 2.68767628087026e-07 30.9015797273335 5.87674918729683 5.87674918729683 1 0.635359439815782 7.37423149732478e-14 1 1.3704902920085e-06
"(GAAGTC)3" "rplW" 3.55518740323465e-11 56.7046365277656 8.90000500125032 8.90000500125032 1 0.635359439815782 7.37423149732478e-14 1 2.79842974728644e-09
"(GCCA)3" "lacI" 1.49449253445459e-13 75.292456908197 15.3163290822706 15.3163290822706 1 0.569658683910444 4.40140190161939e-15 1 7.96641042814605e-14
"(CCG)4" "symE" 1.62261557788555e-19 133.23835125448 13.3531182795699 13.3531182795699 1 0.624146244809072 4.44829028296806e-14 1 1.42949060401821e-13
"(A)9" "yibA" 0.000218995168667514 14.8256761159987 1.25031257814454 1.25031257814454 1 0.356792263674604 2.72719485709345e-18 1 0.000330560599884632
"(A)8" "allC" 1.62261557788555e-19 133.23835125448 13.3531182795699 13.3531182795699 1 0.624146244809072 4.44829028296806e-14 1 1.42949060401821e-13
"(T)8" "hexR" 4.59378859763939e-14 79.6063010786067 10.4861415353839 10.4861415353839 1 0.624146244809072 4.44829028296806e-14 1 5.67932673096754e-11
"(T)8" "csqR" 1.62261557788555e-19 133.23835125448 13.3531182795699 13.3531182795699 1 0.624146244809072 4.44829028296806e-14 1 1.42949060401821e-13
"(A)8" "maiA" 1.62261557788555e-19 133.23835125448 13.3531182795699 13.3531182795699 1 0.624146244809072 4.44829028296806e-14 1 1.42949060401821e-13
"(T)8" "argF" 4.08288937448626e-11 56.263440860215 6.61415353838459 6.61415353838459 1 0.536049302847541 1.17227007982095e-15 1 3.05339534688441e-09
"(A)8" "yhcD" 0.000519992185710559 12.9506641366224 4.0510127531883 4.0510127531883 1 0.336153269239196 1.47670720889303e-18 1 0.000710416839323647
"(A)8" "ydcK" 3.73293977511121e-10 49.3927068723702 6.74129032258064 6.74129032258064 1 0.569061574183605 4.29639151414497e-15 1 1.27617776740892e-08
"(GAT)4" "znuA" 1.19498445233937e-10 52.8862971870261 8.4261265316329 8.4261265316329 1 0.631304190944842 6.13448680653182e-14 1 6.0604496488639e-09
"(ATC)4" "znuA" 7.83446058183967e-07 28.1537398915379 5.49289322330582 5.49289322330582 1 0.63636933492285 7.72186936232671e-14 1 3.12565938433475e-06
"(A)8" "yjhC" 0.000218995168667511 14.8256761159987 1.25031257814454 1.25031257814454 1 0.356792263674604 2.72719485709345e-18 1 0.000330560599884632
"(A)8" "ftsY" 2.52262390572042e-13 73.4140867747584 10.2843510877719 10.2843510877719 1 0.632996937581587 6.62322977718683e-14 1 1.46139741999969e-10
"(A)8" "ybdM" 1.58601478366831e-16 101.98887729438 11.8763740935234 11.8763740935234 1 0.624146244809072 4.44829028296806e-14 1 3.10801644383293e-12
"(T)8" "arpA" 8.9378575386437e-05 16.817876344086 6.05151287821955 6.05151287821955 1 0.376079037155895 4.90397961832881e-18 1 0.000151736261056474
"(ATG)4" "espD" 1.62261557788555e-19 133.23835125448 13.3531182795699 13.3531182795699 1 0.624146244809072 4.44829028296806e-14 1 1.42949060401821e-13
"(TTGG)3" "espD" 1.62261557788555e-19 133.23835125448 13.3531182795699 13.3531182795699 1 0.624146244809072 4.44829028296806e-14 1 1.42949060401821e-13
"(CTG)4" "lacZ" 5.12833710324412e-16 97.1212457661404 11.7687221805451 11.7687221805451 1 0.629267080934441 5.59574555685539e-14 1 5.50941915280276e-12
"(GTT)4" "bax" 8.93785753864375e-05 16.817876344086 1.51287821955489 1.51287821955489 1 0.376079037155895 4.90397961832881e-18 1 0.000151736261056474
"(CAA)4" "bax" 5.12833710324412e-16 97.1212457661404 11.7687221805451 11.7687221805451 1 0.629267080934441 5.59574555685539e-14 1 5.50941915280276e-12
"(AAT)4" "ygcN" 1.21508944601067e-17 113.096453217782 12.5484171042761 12.5484171042761 1 0.626882374072375 5.02717541821931e-14 1 9.33033981008114e-13
"(CAT)4" "proY" 1.19804590914649e-08 39.2949627346105 7.01103275818954 7.01103275818954 1 0.636369334922849 7.7218693623264e-14 1 1.38349004106697e-07
"(ATG)4" "proY" 3.55518740323469e-11 56.7046365277656 8.90000500125032 8.90000500125032 1 0.635359439815782 7.37423149732478e-14 1 2.79842974728644e-09
"(A)8" "yjgN" 2.78737843692571e-18 119.752688172043 12.6595698924731 12.6595698924731 1 0.621054249495042 3.87688575251352e-14 1 4.8230234388188e-13
"(A)8" "eae" 1.62261557788555e-19 133.23835125448 13.3531182795699 13.3531182795699 1 0.624146244809072 4.44829028296806e-14 1 1.42949060401821e-13
"(CAA)4" "adhE" 2.02941244183627e-07 31.634771781448 4.7153838459615 4.7153838459615 1 0.553544469855532 2.31309227346589e-15 1 1.10711744253384e-06
"(A)8" "ilvB" 1.0953640138435e-05 21.6751384815901 2.67247311827957 2.67247311827957 1 0.469762485348371 1.04601089181911e-16 1 2.58912996568592e-05
"(CCA)4" "kdpB" 1.38689717950323e-08 38.8862367603126 5.73663915978994 5.73663915978994 1 0.569061574183605 4.29639151414497e-15 1 1.53593231162133e-07
"(TGG)4" "prkB" 5.12833710324412e-16 97.1212457661404 11.7687221805451 11.7687221805451 1 0.629267080934441 5.59574555685539e-14 1 5.50941915280276e-12
"(CGG)4" "mdoH" 3.70917421111554e-17 108.193548387097 11.9845161290323 11.9845161290323 1 0.617601295502292 3.32822108177559e-14 1 1.56072814558136e-12
"(A)8" "yhfZ" 0.000218995168667514 14.8256761159987 1.25031257814454 1.25031257814454 1 0.356792263674604 2.72719485709345e-18 1 0.000330560599884632
"(T)8" "glpK" 2.0496206830362e-09 44.3349368941854 7.61568392098023 7.61568392098023 1 0.63636933492285 7.72186936232671e-14 1 4.02231460716221e-08
"(A)8" "glpK" 2.96977449684367e-10 50.0869669727417 8.24534133533383 8.24534133533383 1 0.636032876281972 7.60418955951733e-14 1 1.09732916068329e-08
"(A)8" "espB" 1.62261557788555e-19 133.23835125448 13.3531182795699 13.3531182795699 1 0.624146244809072 4.44829028296806e-14 1 1.42949060401821e-13
"(A)8" "ydeM" 4.71353384844863e-09 41.9323147715722 6.17314828707178 6.17314828707178 1 0.576122939751626 5.72537412877274e-15 1 7.16134241520032e-08
"(TGA)4" "cadA" 1.62261557788555e-19 133.23835125448 13.3531182795699 13.3531182795699 1 0.624146244809072 4.44829028296806e-14 1 1.42949060401821e-13
"(T)8" "rlmI" 5.12833710324412e-16 97.1212457661404 11.7687221805451 11.7687221805451 1 0.629267080934441 5.59574555685539e-14 1 5.50941915280276e-12
"(A)8" "msrB" 8.57494149120609e-13 69.1086226673755 9.77446361590398 9.77446361590398 1 0.626882374072375 5.02717541821931e-14 1 2.94537891205612e-10
"(T)8" "espW" 1.62261557788555e-19 133.23835125448 13.3531182795699 13.3531182795699 1 0.624146244809072 4.44829028296806e-14 1 1.42949060401821e-13
"(A)8" "yehI" 3.52405707072264e-05 18.9386056191467 1.80045011252813 1.80045011252813 1 0.394153133736044 8.60539384138216e-18 1 6.86242975666e-05
"(GCCA)4" "hisC" 5.12833710324412e-16 97.1212457661404 11.7687221805451 11.7687221805451 1 0.629267080934441 5.59574555685539e-14 1 5.50941915280276e-12
"(T)8" "cesL" 1.62261557788555e-19 133.23835125448 13.3531182795699 13.3531182795699 1 0.624146244809072 4.44829028296806e-14 1 1.42949060401821e-13
"(A)8" "yfjI" 0.000218995168667518 14.8256761159987 1.25031257814453 1.25031257814453 1 0.356792263674604 2.72719485709345e-18 1 0.000330560599884632
"(GCG)4" "ggt" 1.18256543651164e-16 103.226319144219 11.4638459614904 11.4638459614904 1 0.609588672602242 2.34456504056412e-14 1 2.69949320708965e-12
"(CGG)4" "nrdI" 2.0496206830362e-09 44.3349368941854 7.61568392098024 7.61568392098024 1 0.63636933492285 7.72186936232671e-14 1 4.02231460716221e-08
"(CCG)4" "nrdI" 3.55518740323469e-11 56.7046365277656 8.90000500125032 8.90000500125032 1 0.635359439815782 7.37423149732478e-14 1 2.79842974728644e-09
"(G)8" "gsiA" 4.59378859763944e-14 79.6063010786067 10.4861415353839 10.4861415353839 1 0.624146244809072 4.44829028296806e-14 1 5.67932673096754e-11
"(GCG)4" "yfbK" 3.52405707072264e-05 18.9386056191467 1.80045011252813 1.80045011252813 1 0.394153133736044 8.60539384138216e-18 1 6.86242975666e-05
"(T)8" "yfcU" 2.90079827035092e-05 19.3887066682715 2.54961740435108 2.54961740435108 1 0.482428357404333 1.63041605943385e-16 1 5.82439856941301e-05
"(GGCG)3" "ydiY" 1.66311376579561e-15 92.3668959053662 11.2228257064266 11.2228257064266 1 0.621054249495042 3.87688575251352e-14 1 9.92663609811163e-12
"(A)8" "escP" 1.62261557788555e-19 133.23835125448 13.3531182795699 13.3531182795699 1 0.624146244809072 4.44829028296806e-14 1 1.42949060401821e-13
"(GCG)4" "nepI" 1.62261557788555e-19 133.23835125448 13.3531182795699 13.3531182795699 1 0.624146244809072 4.44829028296806e-14 1 1.42949060401821e-13
"(T)8" "mcrB" 4.19154417480236e-08 35.8422939068099 5.00125031257813 5.00125031257813 1 0.513346810334789 4.98743875444851e-16 1 1.65829606557884e-07
"(GGT)4" "yggP" 1.21508944601067e-17 113.096453217782 12.5484171042761 12.5484171042761 1 0.626882374072375 5.02717541821931e-14 1 9.33033981008114e-13
"(CTA)4" "leuL" 1.44344773525081e-14 83.9512697323266 10.5877719429857 10.5877719429857 1 0.617601295502292 3.32822108177559e-14 1 3.04668900544015e-11
"(T)8" "emrY" 1.58601478366831e-16 101.98887729438 11.8763740935234 11.8763740935234 1 0.624146244809072 4.44829028296806e-14 1 3.10801644383293e-12
"(A)8" "emrY" 0.00060757606221125 12.6181993259509 2.59264816204051 2.59264816204051 1 0.605015216593001 1.92405870870736e-14 1 0.000816483578883872
"(A)8" "espL" 1.62261557788555e-19 133.23835125448 53.4124731182796 53.4124731182796 1 0.624146244809072 4.44829028296806e-14 1 1.42949060401821e-13
"(A)8" "mlaD" 5.12833710324412e-16 97.1212457661404 11.7687221805451 11.7687221805451 1 0.629267080934441 5.59574555685539e-14 1 5.50941915280276e-12
"(T)8" "ygeH" 9.79060533569989e-13 68.6491228070175 8.88666666666666 8.88666666666666 1 0.594693375468123 1.23898694598872e-14 1 3.18133184315943e-10
"(T)8" "ydbD" 8.16120661629014e-07 28.0501792114695 3.6989247311828 3.6989247311828 1 0.505711986191945 3.76626287277623e-16 1 3.22684948812776e-06
"(A)8" "ydbD" 3.73293977511124e-10 49.3927068723702 6.74129032258064 6.74129032258064 1 0.569061574183605 4.29639151414497e-15 1 1.27617776740892e-08
"(T)8" "nleL" 5.23075839993894e-05 18.0322580645161 2.08064516129032 2.08064516129032 1 0.442155443469104 4.08216564170092e-17 1 9.59188033800114e-05
"(A)8" "nleL" 1.71311719737323e-13 74.8004778972521 9.46924731182795 9.46924731182795 1 0.600053122040387 1.55554424076945e-14 1 1.17535340860989e-10
"(T)8" "ypfG" 1.62261557788555e-19 133.23835125448 13.3531182795699 13.3531182795699 1 0.624146244809072 4.44829028296806e-14 1 1.42949060401821e-13
"(A)8" "glmU" 5.23075839993898e-05 18.0322580645161 2.08064516129032 2.08064516129032 1 0.442155443469104 4.08216564170092e-17 1 9.59188033800114e-05
"(A)8" "fliJ" 1.23970646803593e-23 184.826762246117 14.4536134033508 14.4536134033508 1 0.609588672602242 2.34456504056412e-14 1 4.10764308234606e-15
"(T)8" "bglB" 9.16472969798522e-10 46.7008797653958 5.5138784696174 5.5138784696174 1 0.516404764343738 5.58627243575394e-16 1 2.32580251206625e-08
"(A)8" "ecpA" 1.62261557788555e-19 133.23835125448 13.3531182795699 13.3531182795699 1 0.624146244809072 4.44829028296806e-14 1 1.42949060401821e-13
"(GTCG)3" "bglJ" 1.21508944601067e-17 113.096453217782 12.5484171042761 12.5484171042761 1 0.626882374072375 5.02717541821931e-14 1 9.33033981008114e-13
"(A)9" "creC" 4.08288937448626e-11 56.263440860215 6.61415353838459 6.61415353838459 1 0.536049302847541 1.17227007982095e-15 1 3.05339534688441e-09
"(CGCC)3" "msrP" 3.52405707072262e-05 18.9386056191467 1.80045011252813 1.80045011252813 1 0.394153133736044 8.60539384138216e-18 1 6.86242975666e-05
"(GC)6" "mhpR" 1.46580748931296e-08 38.7320788530466 4.51362840710177 4.51362840710177 1 0.494398256230621 2.49856398525358e-16 1 1.59797854297297e-07
"(GGGC)3" "ccmF" 1.62261557788555e-19 133.23835125448 13.3531182795699 13.3531182795699 1 0.624146244809072 4.44829028296806e-14 1 1.42949060401821e-13
"(G)9" "atpG" 5.23075839993898e-05 18.0322580645161 2.08064516129032 2.08064516129032 1 0.442155443469104 4.08216564170092e-17 1 9.59188033800114e-05
"(GAT)4" "atpG" 1.3702197026205e-14 84.149314898234 11.0140335083771 11.0140335083771 1 0.631304190944842 6.13448680653182e-14 1 2.96362623772304e-11
"(CGG)4" "csgA" 2.46536607266262e-19 131.20107991791 13.0282370592648 13.0282370592648 1 0.617601295502292 3.32822108177559e-14 1 1.70149803001851e-13
"(GGCA)3" "lysR" 1.21508944601067e-17 113.096453217782 12.5484171042761 12.5484171042761 1 0.626882374072375 5.02717541821931e-14 1 9.33033981008114e-13
"(T)8" "yoaC" 1.66311376579561e-15 92.3668959053662 11.2228257064266 11.2228257064266 1 0.621054249495042 3.87688575251352e-14 1 9.92663609811163e-12
"(CTGG)3" "lepB" 1.21508944601067e-17 113.096453217782 12.5484171042761 12.5484171042761 1 0.626882374072375 5.02717541821931e-14 1 9.33033981008114e-13
"(A)8" "ipbA" 2.78737843692571e-18 119.752688172043 12.6595698924731 12.6595698924731 1 0.621054249495042 3.87688575251352e-14 1 4.8230234388188e-13
"(A)8" "elaD" 2.03973399596914e-09 44.3490211170777 22.6475818954739 22.6475818954739 1 0.583094060178947 7.62766780030869e-15 1 1.94582174550373e-07
"(A)8" "rfaQ" 1.62261557788555e-19 133.23835125448 13.3531182795699 13.3531182795699 1 0.624146244809072 4.44829028296806e-14 1 1.42949060401821e-13
"(A)8" "comR" 4.59378859763944e-14 79.6063010786067 10.4861415353839 10.4861415353839 1 0.624146244809072 4.44829028296806e-14 1 5.67932673096754e-11
"(GCA)4" "asnA" 1.3702197026205e-14 84.149314898234 11.0140335083771 11.0140335083771 1 0.631304190944842 6.13448680653182e-14 1 2.96362623772304e-11
"(AGTG)3" "yahE" 1.62261557788555e-19 133.23835125448 13.3531182795699 13.3531182795699 1 0.624146244809072 4.44829028296806e-14 1 1.42949060401821e-13
"(CCG)4" "yhaJ" 2.79315779844093e-08 36.9503547107579 5.1422655663916 5.1422655663916 1 0.545054007850843 1.65926790634244e-15 1 2.54374143469458e-07
"(GGC)4" "ftsI" 5.5193803248887e-08 35.0969588128718 5.21350837709426 5.21350837709426 1 0.561540911270722 3.17620997215239e-15 1 4.18595141119733e-07
"(T)8" "yfjH" 0.000218995168667518 14.8256761159986 5.00125031257813 5.00125031257813 1 0.356792263674604 2.72719485709345e-18 1 0.000330560599884632
"(TCAA)3" "dinJ" 1.21508944601067e-17 113.096453217782 12.5484171042761 12.5484171042761 1 0.626882374072375 5.02717541821931e-14 1 9.33033981008114e-13
"(TTGA)3" "dinJ" 0.000636411295198978 12.5194701591708 2.69445361340334 2.69445361340334 1 0.621054249495042 3.87688575251352e-14 1 0.000851110612341587
"(TGA)4" "allD" 5.12833710324412e-16 97.1212457661404 11.7687221805451 11.7687221805451 1 0.629267080934441 5.59574555685539e-14 1 5.50941915280276e-12
"(ACC)4" "envC" 2.52262390572042e-13 73.4140867747584 10.2843510877719 10.2843510877719 1 0.632996937581587 6.62322977718683e-14 1 1.46139741999969e-10
"(CGT)4" "purA" 3.27653019657366e-10 49.7881347308435 6.77617404351087 6.77617404351087 1 0.569061574183605 4.29639151414497e-15 1 1.1707953807267e-08
"(ACG)4" "purA" 1.21508944601067e-17 113.096453217782 12.5484171042761 12.5484171042761 1 0.626882374072375 5.02717541821931e-14 1 9.33033981008114e-13
"(TGC)4" "cpdA" 5.34134390706322e-15 87.7727799883636 11.1181845461365 11.1181845461365 1 0.626882374072375 5.02717541821931e-14 1 1.80687829353766e-11
"(CTG)4" "mreC" 5.12833710324412e-16 97.1212457661404 11.7687221805451 11.7687221805451 1 0.629267080934441 5.59574555685539e-14 1 5.50941915280276e-12
"(T)8" "dgt" 1.37021970262048e-14 84.149314898234 11.0140335083771 11.0140335083771 1 0.631304190944842 6.13448680653182e-14 1 2.96362623772304e-11
"(A)8" "dgt" 1.19804590914649e-08 39.2949627346105 7.01103275818954 7.01103275818954 1 0.636369334922849 7.7218693623264e-14 1 1.38349004106697e-07
"(CGG)5" "ftsZ" 0.000263547280842333 14.4201973577695 3.07404851212803 3.07404851212803 1 0.624146244809072 4.44829028296806e-14 1 0.000388963650968209
"(CCG)5" "ftsZ" 5.12833710324412e-16 97.1212457661404 11.7687221805451 11.7687221805451 1 0.629267080934441 5.59574555685539e-14 1 5.50941915280276e-12
"(A)8" "ydeI" 4.3206575819421e-08 35.759891771469 5.63001250312579 5.63001250312579 1 0.582739914501424 7.51668518123267e-15 1 3.49673332575928e-07
"(GCGG)3" "tagH" 1.62261557788555e-19 133.23835125448 13.3531182795699 13.3531182795699 1 0.624146244809072 4.44829028296806e-14 1 1.42949060401821e-13
"(CTG)4" "mukF" 1.37021970262048e-14 84.149314898234 11.0140335083771 11.0140335083771 1 0.631304190944842 6.13448680653182e-14 1 2.96362623772304e-11
"(GCTG)3" "rbsB" 1.3702197026205e-14 84.149314898234 11.0140335083771 11.0140335083771 1 0.631304190944842 6.13448680653182e-14 1 2.96362623772304e-11
"(TGG)4" "actP" 2.52262390572039e-13 73.4140867747585 10.2843510877719 10.2843510877719 1 0.632996937581587 6.62322977718683e-14 1 1.46139741999969e-10
"(CCA)4" "actP" 2.04962068303619e-09 44.3349368941854 7.61568392098024 7.61568392098024 1 0.63636933492285 7.72186936232671e-14 1 4.02231460716221e-08
"(T)8" "waaL" 5.26228606493075e-08 35.2258064516129 4.05101275318829 4.05101275318829 1 0.482428357404333 1.63041605943385e-16 1 4.04149025364304e-07
"(CAG)4" "rplL" 3.41031421820068e-12 64.3899751906509 9.57967491872969 9.57967491872969 1 0.634347983852968 7.04238257118244e-14 1 6.64344303552327e-10
"(GCT)4" "rplL" 6.05258105813756e-08 34.848261666613 6.43138784696174 6.43138784696174 1 0.636032876281972 7.60418955951733e-14 1 4.48049937128241e-07
"(GCG)4" "coaBC" 1.21508944601067e-17 113.096453217782 12.5484171042761 12.5484171042761 1 0.626882374072375 5.02717541821931e-14 1 9.33033981008114e-13
"(ACG)4" "wecB" 5.26228606493075e-08 35.2258064516129 4.05101275318829 4.05101275318829 1 0.482428357404333 1.63041605943385e-16 1 4.04149025364304e-07
"(A)9" "wbbJ" 8.9378575386437e-05 16.817876344086 1.51287821955489 1.51287821955489 1 0.376079037155895 4.90397961832881e-18 1 0.000151736261056474
"(A)8" "atpD" 8.16120661629004e-07 28.0501792114695 3.6989247311828 3.6989247311828 1 0.505711986191945 3.76626287277623e-16 1 3.22684948812776e-06
"(GCCA)3" "rsxD" 4.59378859763939e-14 79.6063010786067 10.4861415353839 10.4861415353839 1 0.624146244809072 4.44829028296806e-14 1 5.67932673096754e-11
"(A)8" "yeeJ" 2.02693395315151e-10 51.2544802867383 6.05151287821954 6.05151287821954 1 0.52650789235038 8.15564667098638e-16 1 8.54163173664502e-09
"(TGGC)3" "ydbH" 8.9378575386437e-05 16.817876344086 1.51287821955489 1.51287821955489 1 0.376079037155895 4.90397961832881e-18 1 0.000151736261056474
"(T)8" "mdlA" 1.58601478366831e-16 101.98887729438 11.8763740935234 11.8763740935234 1 0.624146244809072 4.44829028296806e-14 1 3.10801644383293e-12
"(T)8" "panB" 7.19546285547784e-13 69.7186063300277 10.0845211302826 10.0845211302826 1 0.63636933492285 7.72186936232671e-14 1 2.66080375820394e-10
"(A)8" "panB" 3.41031421820068e-12 64.3899751906508 9.57967491872969 9.57967491872969 1 0.634347983852968 7.04238257118244e-14 1 6.64344303552327e-10
"(GCGA)3" "wcaJ" 1.06243347317516e-13 76.5286279988325 9.9712128032008 9.9712128032008 1 0.613781604977918 2.81448682691944e-14 1 9.004706294457e-11
"(T)8" "trkG" 3.80825529665072e-09 42.5432445067789 5.00125031257815 5.00125031257815 1 0.505711986191945 3.76626287277623e-16 1 6.17180677986145e-08
"(GCCA)3" "yieL" 8.93785753864375e-05 16.817876344086 1.51287821955489 1.51287821955489 1 0.376079037155895 4.90397961832881e-18 1 0.000151736261056474
"(A)8" "appY" 3.02009883864213e-09 43.2108939643669 24.2060515128782 24.2060515128782 1 0.537287316412261 1.22926464360398e-15 1 2.43983811868306e-08
"(AAG)4" "corA" 1.3702197026205e-14 84.149314898234 11.0140335083771 11.0140335083771 1 0.631304190944842 6.13448680653182e-14 1 2.96362623772304e-11
"(GCCA)3" "rcdB" 1.62261557788555e-19 133.23835125448 13.3531182795699 13.3531182795699 1 0.624146244809072 4.44829028296806e-14 1 1.42949060401821e-13
"(TGC)4" "qseE" 1.62261557788555e-19 133.23835125448 13.3531182795699 13.3531182795699 1 0.624146244809072 4.44829028296806e-14 1 1.42949060401821e-13
"(GTT)4" "evgS" 1.21508944601067e-17 113.096453217782 12.5484171042761 12.5484171042761 1 0.626882374072375 5.02717541821931e-14 1 9.33033981008114e-13
"(T)8" "evgS" 1.21508944601067e-17 113.096453217782 12.5484171042761 12.5484171042761 1 0.626882374072375 5.02717541821931e-14 1 9.33033981008114e-13
"(T)8" "waaZ" 1.46580748931296e-08 38.7320788530466 4.51362840710178 4.51362840710178 1 0.494398256230622 2.49856398525361e-16 1 1.59797854297297e-07
"(A)8" "gadW" 1.3702197026205e-14 84.149314898234 11.0140335083771 11.0140335083771 1 0.631304190944842 6.13448680653182e-14 1 2.96362623772304e-11
"(TGC)4" "ureC" 1.71311719737325e-13 74.800477897252 9.46924731182795 9.46924731182795 1 0.600053122040387 1.55554424076945e-14 1 1.17535340860989e-10
"(GCA)4" "ureC" 6.41526831623496e-05 17.5675091453276 2.99612903225806 2.99612903225806 1 0.473683246035282 1.19905716632475e-16 1 5.19254152644986e-05
"(T)8" "lhr" 1.66311376579561e-15 92.3668959053662 11.2228257064266 11.2228257064266 1 0.621054249495042 3.87688575251352e-14 1 9.92663609811163e-12
"(TGGC)3" "dsdA" 0.000636411295198978 12.5194701591708 2.69445361340334 2.69445361340334 1 0.621054249495042 3.87688575251352e-14 1 0.000851110612341587
"(GCCA)3" "dsdA" 1.21508944601067e-17 113.096453217782 12.5484171042761 12.5484171042761 1 0.626882374072375 5.02717541821931e-14 1 9.33033981008114e-13
"(ATG)4" "gyrB" 6.05258105813756e-08 34.848261666613 6.43138784696174 6.43138784696174 1 0.636032876281972 7.60418955951733e-14 1 4.48049937128241e-07
"(CAT)4" "gyrB" 3.55518740323465e-11 56.7046365277656 8.90000500125032 8.90000500125032 1 0.635359439815782 7.37423149732478e-14 1 2.79842974728644e-09
"(T)8" "aphA" 1.62261557788555e-19 133.23835125448 13.3531182795699 13.3531182795699 1 0.624146244809072 4.44829028296806e-14 1 1.42949060401821e-13
"(TCGTGG)6" "rcnA" 1.18204378955656e-07 33.0591397849463 4.47569892473119 4.47569892473119 1 0.52650789235038 8.15564667098638e-16 1 7.36931670480839e-07
"(G)8" "ypjA" 8.16120661629014e-07 28.0501792114695 3.6989247311828 3.6989247311828 1 0.505711986191945 3.76626287277623e-16 1 3.22684948812776e-06
"(T)8" "wzy" 1.24216491777655e-21 158.407138294475 56.2606451612903 56.2606451612903 1 0.640550850483654 9.35361654243003e-14 1 1.73967959927158e-14
"(A)8" "wzy" 0.000348835418372356 13.8103876486907 6.74129032258065 6.74129032258065 1 0.427492895375295 2.51142471007011e-17 1 0.000345772880427113
"(CAC)4" "yjhF" 3.52405707072264e-05 18.9386056191467 1.80045011252813 1.80045011252813 1 0.394153133736044 8.60539384138216e-18 1 6.86242975666e-05
"(TGA)4" "appB" 0.000726354683159032 12.2387614976033 1.56279569892473 1.56279569892473 1 0.404766017549398 1.20426667025728e-17 1 0.000623528103913506
"(TCA)4" "appB" 3.70917421111554e-17 108.193548387097 11.9845161290323 11.9845161290323 1 0.617601295502292 3.32822108177559e-14 1 1.56072814558136e-12
"(T)8" "rfaL" 1.3702197026205e-14 84.149314898234 11.0140335083771 11.0140335083771 1 0.631304190944842 6.13448680653182e-14 1 2.96362623772304e-11
"(GGC)4" "acrE" 5.12833710324412e-16 97.1212457661404 11.7687221805451 11.7687221805451 1 0.629267080934441 5.59574555685539e-14 1 5.50941915280276e-12
"(CTGG)3" "glyA" 2.78737843692571e-18 119.752688172043 12.6595698924731 12.6595698924731 1 0.621054249495042 3.87688575251352e-14 1 4.8230234388188e-13
"(GTTT)3" "lptA" 1.37021970262048e-14 84.149314898234 11.0140335083771 11.0140335083771 1 0.631304190944842 6.13448680653182e-14 1 2.96362623772304e-11
"(TTCC)3" "ligB" 6.94689804960324e-08 34.4776097275629 6.35223305826456 6.35223305826456 1 0.634347983852968 7.04238257118244e-14 1 4.96097723133075e-07
"(GGAA)3" "ligB" 3.55518740323465e-11 56.7046365277656 8.90000500125032 8.90000500125032 1 0.635359439815782 7.37423149732478e-14 1 2.79842974728644e-09
"(GCCA)3" "nanK" 1.21508944601067e-17 113.096453217782 12.5484171042761 12.5484171042761 1 0.626882374072375 5.02717541821931e-14 1 9.33033981008114e-13
"(GTTT)3" "lptC" 5.12833710324412e-16 97.1212457661404 11.7687221805451 11.7687221805451 1 0.629267080934441 5.59574555685539e-14 1 5.50941915280276e-12
"(GCCA)3" "sodC" 4.59378859763939e-14 79.6063010786067 10.4861415353839 10.4861415353839 1 0.624146244809072 4.44829028296806e-14 1 5.67932673096754e-11
"(A)8" "talA" 0.000567689950830286 12.7630316393225 1.2855663915979 1.2855663915979 1 0.394153133736044 8.60539384138216e-18 1 0.000768355082735913
"(A)8" "emrB" 4.87533220738446e-06 23.6188357434186 2.45061265316329 2.45061265316329 1 0.427103068797543 2.47951218729366e-17 1 1.336345126506e-05
"(C)9" "hflC" 1.62261557788555e-19 133.23835125448 13.3531182795699 13.3531182795699 1 0.624146244809072 4.44829028296806e-14 1 1.42949060401821e-13
"(A)8" "srlE" 6.15747688450528e-28 251.612903225806 16.2040510127532 16.2040510127532 1 0.617601295502292 3.32822108177559e-14 1 2.03930997073015e-16
"(GCCAGT)3" "lldP" 1.62261557788555e-19 133.23835125448 13.3531182795699 13.3531182795699 1 0.624146244809072 4.44829028296806e-14 1 1.42949060401821e-13
"(TGCG)3" "alaS" 5.12833710324412e-16 97.1212457661404 11.7687221805451 11.7687221805451 1 0.629267080934441 5.59574555685539e-14 1 5.50941915280276e-12
"(CAGC)3" "rsmD" 3.55518740323469e-11 56.7046365277656 8.90000500125032 8.90000500125032 1 0.635359439815782 7.37423149732478e-14 1 2.79842974728644e-09
"(GGCT)3" "rsmD" 2.68767628087026e-07 30.9015797273335 5.87674918729683 5.87674918729683 1 0.635359439815782 7.37423149732478e-14 1 1.3704902920085e-06
"(T)8" "pgrR" 3.52859994288333e-10 49.5632588548028 7.16583645911478 7.16583645911478 1 0.588925989284324 9.72254723729556e-15 1 1.22953444867066e-08
"(T)8" "exuT" 0.000218995168667511 14.8256761159987 1.25031257814454 1.25031257814454 1 0.356792263674604 2.72719485709345e-18 1 0.000330560599884632
"(T)8" "gnsB" 8.9378575386437e-05 16.817876344086 1.51287821955489 1.51287821955489 1 0.376079037155895 4.90397961832881e-18 1 0.000151736261056474
"(GCCA)3" "ybaN" 1.21508944601067e-17 113.096453217782 12.5484171042761 12.5484171042761 1 0.626882374072375 5.02717541821931e-14 1 9.33033981008114e-13
"(CCG)4" "ilvA" 1.3702197026205e-14 84.149314898234 11.0140335083771 11.0140335083771 1 0.631304190944842 6.13448680653182e-14 1 2.96362623772304e-11
"(T)8" "glf" 7.41276313609513e-12 61.7996604414261 7.20180045011253 7.20180045011253 1 0.545054007850843 1.65926790634244e-15 1 1.06106419645951e-09
"(CGC)4" "nrdE" 5.12833710324412e-16 97.1212457661404 11.7687221805451 11.7687221805451 1 0.629267080934441 5.59574555685539e-14 1 5.50941915280276e-12
"(T)8" "cadC" 1.62261557788555e-19 133.23835125448 13.3531182795699 13.3531182795699 1 0.624146244809072 4.44829028296806e-14 1 1.42949060401821e-13
"(A)8" "lpxM" 4.59378859763939e-14 79.6063010786067 10.4861415353839 10.4861415353839 1 0.624146244809072 4.44829028296806e-14 1 5.67932673096754e-11
"(AAC)5" "tir" 3.70917421111549e-17 108.193548387097 11.9845161290323 11.9845161290323 1 0.617601295502292 3.32822108177559e-14 1 1.56072814558136e-12
"(A)8" "tir" 1.62261557788555e-19 133.23835125448 13.3531182795699 13.3531182795699 1 0.624146244809072 4.44829028296806e-14 1 1.42949060401821e-13
"(ACTACA)3" "tir" 8.16120661629014e-07 28.0501792114695 3.6989247311828 3.6989247311828 1 0.505711986191945 3.76626287277623e-16 1 3.22684948812776e-06
"(GAC)4" "ygfK" 1.37021970262048e-14 84.149314898234 11.0140335083771 11.0140335083771 1 0.631304190944842 6.13448680653182e-14 1 2.96362623772304e-11
"(T)8" "escQ" 1.62261557788555e-19 133.23835125448 13.3531182795699 13.3531182795699 1 0.624146244809072 4.44829028296806e-14 1 1.42949060401821e-13
"(TGG)4" "kdpD" 1.21508944601067e-17 113.096453217782 12.5484171042761 12.5484171042761 1 0.626882374072375 5.02717541821931e-14 1 9.33033981008114e-13
"(T)8" "kdpD" 2.02693395315151e-10 51.2544802867383 6.05151287821954 6.05151287821954 1 0.52650789235038 8.15564667098638e-16 1 8.54163173664502e-09
"(GTG)4" "kdpD" 1.21508944601067e-17 113.096453217782 12.5484171042761 12.5484171042761 1 0.626882374072375 5.02717541821931e-14 1 9.33033981008114e-13
"(T)8" "tal" 1.21508944601067e-17 113.096453217782 12.5484171042761 12.5484171042761 1 0.626882374072375 5.02717541821931e-14 1 9.33033981008114e-13
"(GCCA)3" "ppx" 5.12833710324412e-16 97.1212457661404 11.7687221805451 11.7687221805451 1 0.629267080934441 5.59574555685539e-14 1 5.50941915280276e-12
"(T)8" "yqaA" 1.21508944601067e-17 113.096453217782 12.5484171042761 12.5484171042761 1 0.626882374072375 5.02717541821931e-14 1 9.33033981008114e-13
"(CTG)4" "metQ" 2.52262390572039e-13 73.4140867747585 10.2843510877719 10.2843510877719 1 0.632996937581587 6.62322977718683e-14 1 1.46139741999969e-10
"(GCA)4" "metQ" 2.96977449684367e-10 50.0869669727417 8.24534133533383 8.24534133533383 1 0.636032876281974 7.60418955951778e-14 1 1.09732916068329e-08
"(CAAT)3" "mnmC" 1.62261557788555e-19 133.23835125448 13.3531182795699 13.3531182795699 1 0.624146244809072 4.44829028296806e-14 1 1.42949060401821e-13
"(T)8" "yfjW" 0.000218995168667518 14.8256761159986 1.25031257814453 1.25031257814453 1 0.356792263674604 2.72719485709345e-18 1 0.000330560599884632
"(ATTC)3" "yfjW" 0.000218995168667518 14.8256761159986 1.25031257814453 1.25031257814453 1 0.356792263674604 2.72719485709345e-18 1 0.000330560599884632
"(ATC)4" "ydhK" 3.79136114660818e-12 64.0339293175238 8.79357839459866 8.79357839459866 1 0.605015216593001 1.92405870870736e-14 1 7.07838911940567e-10
"(TTCCTC)3" "yidE" 0.000444570106214277 13.2869269949066 1.33161290322581 1.33161290322581 1 0.394153133736044 8.60539384138216e-18 1 0.000617827503966983
